109206791.pdf;109206791.pdf
119971634.pdf;119971634.pdf
120389714.pdf;120389714.pdf
120395121.pdf;120395121.pdf
120865593.pdf;120865593.pdf
120891447.pdf;120891447.pdf
121004494.pdf;121004494.pdf
121287468.pdf;121287468.pdf
121474770.pdf;121474770.pdf
121493138.pdf;121493138.pdf
121504838.pdf;121504838.pdf
121690991.pdf;121690991.pdf
121772827.pdf;121772827.pdf
121796874.pdf;121796874.pdf
121799334.pdf;121799334.pdf
121807837.pdf;121807837.pdf
123133536.pdf;123133536.pdf
123836462.pdf;123836462.pdf
123946738.pdf;123946738.pdf
Architecture_Bigger_--And_Ma.pdf;120757450.pdf
ARCHITECTURE_FOCUS_ON_THE_MUS.pdf;121375143.pdf
ARCHITECTURE_VIEW_ADA_LOUISE_.pdf;120621094.pdf
ARCHITECTURE_VIEW_ARCHITECTUR.pdf;122741752.pdf
ARCHITECTURE_VIEW_THE_BOOM_IN.pdf;121263716.pdf
ARCHITECTURE_VIEW_THE_CENTENA.pdf;123897147.pdf
ARCHITECTURE_VIEW_THE_CHANGIN.pdf;123820181.pdf
ARCHITECTURE_VIEW_THE_CURRENT.pdf;123832199.pdf
ARCHITECTURE_VIEW_THE_FINE_PO.pdf;123179135.pdf
ARCHITECTURE_VIEW_THE_FOUNTAI.pdf;123493415.pdf
ARCHITECTURE_VIEW_THE_FUN_AND.pdf;123212696.pdf
ARCHITECTURE_VIEW_THE_GREAT_A.pdf;121119036.pdf
ARCHITECTURE_VIEW_THE_GREENIN.pdf;122879918.pdf
ARCHITECTURE_VIEW_THE_JAPANES.pdf;121008109.pdf
ARCHITECTURE_VIEW_THE_LAST_PR.pdf;123066731.pdf
ARCHITECTURE_VIEW_THE_LATEST_.pdf;123342611.pdf
ARCHITECTURE_VIEW_THE_LEGACY_.pdf;121633485.pdf
ARCHITECTURE_VIEW_THE_LUDICRO.pdf;120681558.pdf
ARCHITECTURE_VIEW_THE_MAVERIC.pdf;123163420.pdf
ARCHITECTURE_VIEW_THE_N.Y._CO.pdf;123721752.pdf
ARCHITECTURE_VIEW_THE_NEEDLES.pdf;120361789.pdf
ARCHITECTURE_VIEW_THE_ORIGINA.pdf;121400176.pdf
ARCHITECTURE_VIEW_THE_POP_WOR.pdf;122867246.pdf
ARCHITECTURE_VIEW_THE_PROBLEM.pdf;121349600.pdf
ARCHITECTURE_VIEW_THE_RETREAT.pdf;123865428.pdf
ARCHITECTURE_VIEW_THE_REVEALI.pdf;122796890.pdf
ARCHITECTURE_VIEW_THE_SELL-OF.pdf;121311957.pdf
ARCHITECTURE_VIEW_THE_SUBWAY_.pdf;121165503.pdf
ARCHITECTURE_VIEW_THE_VENTURI.pdf;123148462.pdf
ARCHITECTURE_VIEW_THEY_CALL_T.pdf;120575764.pdf
ARCHITECTURE_VIEW_THIS_IS_THE.pdf;122943971.pdf
ARCHITECTURE_VIEW_THIS_TIME_A.pdf;122802313.pdf
ARCHITECTURE_VIEW_TODAY_THE_C.pdf;123766820.pdf
ARCHITECTURE_VIEW_TOTALITARIA.pdf;121229979.pdf
ARCHITECTURE_VIEW_TRANSFORMIN.pdf;120409595.pdf
ARCHITECTURE_VIEW_TWO_DISPARA.pdf;121421472.pdf
ARCHITECTURE_VIEW_TWO_TRIUMPH.pdf;121077842.pdf
Art_and_the_Business_of_Art.pdf;123144042.pdf
Design_Notebook_The_Mets_Mar.pdf;121444036.pdf
Design_Notebook_The_queens_th.pdf;121064079.pdf
Design_Notebook_Two_histories.pdf;121366805.pdf
Looking_Up.pdf;123288321.pdf
Reforming_the_Charter_II.pdf;120267858.pdf
Remember_the_Convention_Center.pdf;123803789.pdf
State_of_the_City_Is_It_Gover.pdf;120398316.pdf
State_of_the_City_School_and_.pdf;120411396.pdf
The_Building_Payoffs.pdf;119999636.pdf
The_Business_of_the_Arts.pdf;121358460.pdf
The_City_Planning_Lesson_Cont.pdf;121236475.pdf
The_City_Under_the_Manhole_Cov.pdf;123182154.pdf
The_Citys_Priorities.pdf;120245818.pdf
The_Courthouse_That_Graft_Buil.pdf;123642074.pdf
The_Dodge_Site.pdf;122663731.pdf
The_Editorial_Notebook_America.pdf;121350251.pdf
The_Editorial_Notebook_Office_.pdf;120968512.pdf
The_Editorial_Notebook_The_Fut.pdf;123649298.pdf
The_Editorial_Notebook_The_Sea.pdf;120803373.pdf
The_Editorial_Notebook_Tut_Tut.pdf;123542243.pdf
The_Execution_of_a_Courthouse.pdf;123467376.pdf
The_Future_of_U.D.C..pdf;120483921.pdf
The_Lady_on_the_Pedestal.pdf;123599860.pdf
The_Lesson_of_the_Tudor_Deal.pdf;121791549.pdf
The_New_Cooper_Union_Still_Evo.pdf;120120718.pdf
The_New_Urbanists.pdf;123012286.pdf
The_New_Westway_Math.pdf;123798301.pdf
The_Planners_Constituency.pdf;123172365.pdf
The_Pleasures_of_Plazas.pdf;123278892.pdf
The_Portent_of_Pisa.pdf;123856733.pdf
The_Portman_Hotel_Act_III.pdf;121007450.pdf
The_Publics_Buildings.pdf;122789899.pdf
The_Regional_Planners_at_50.pdf;120912562.pdf
The_Stakes_in_Atlantic_City.pdf;123587188.pdf
The_State_of_the_City_The_Cap.pdf;120316927.pdf
The_Temple_and_the_Obelisk.pdf;123594097.pdf
The_Times_Square_Gamble_Pays_O.pdf;121725650.pdf
The_Tube.pdf;122980140.pdf
The_Zone_Defense_Against_Smut.pdf;123091776.pdf
Thomas_Jeffersons_Grand_Parad.pdf;120456471.pdf
Three_for_the_City_A_Child_of.pdf;123154764.pdf
Times_Square_Stirs_While_Plann.pdf;121348123.pdf
Times_Square_Zoning.pdf;120656730.pdf
To_Preserve_New_Yorks_Heritag.pdf;123605291.pdf
Topics_Reprise.pdf;123084264.pdf
Topics_Thou_Swell;_Thou_Prett.pdf;121164943.pdf
Topics_To_Market_To_Fair.pdf;123187036.pdf
Toward_a_Vital_Times_Square.pdf;121477195.pdf
Transformations_Where_the_Buc.pdf;121698424.pdf
Trees_That_Like_the_City.pdf;123208521.pdf
Triage_in_Tudor_City.pdf;121155677.pdf
Two_Farewells.pdf;123472588.pdf
U.D.C._in_Crisis.pdf;120482678.pdf
_Clusters_Instead_of_Slurbs.pdf;115677255.pdf
_Social_Significance_Qualms_.pdf;119285777.pdf
You_Have_a_Friend_._._._Mayb.pdf;119305361.pdf
1917_The_Russian_Revolution_19.pdf;117468414.pdf
A_CAPITAL_ART_PALACE_GEOMETRY.pdf;123713184.pdf
A_Feast_of_Victoriana_In_West.pdf;123604297.pdf
A_Few_Signs_of_Spring_and_Othe.pdf;120135179.pdf
A_happy_marriage.pdf;119043068.pdf
A_House_Rewards_Affection_Des.pdf;123088646.pdf
A_House_That_Belongs_To_Histor.pdf;117135471.pdf
A_little_museum_that_teaches_.pdf;120068253.pdf
A_Lot_Happens_In_Ten_Years.pdf;119093677.pdf
A_New_City_Is_Emerging_Downtow.pdf;119078613.pdf
A_Personal_Inquiry_Into_the_Na.pdf;118674203.pdf
A_Place_Of_Genuine_Joy.pdf;119587116.pdf
A_Plan_For_Chicago_Architectu.pdf;119641782.pdf
A_Plan_for_Welfare_Island_Is_U.pdf;118505599.pdf
A_Prescription_for_Disaster.pdf;119505200.pdf
A_Solid_Dross_City.pdf;119353840.pdf
A_Subtle_Counterchic_Design_N.pdf;123228518.pdf
A_Tale_Of_Two_Houses.pdf;118214380.pdf
A_Tiffany_Treasure_Comes_to_Li.pdf;123770172.pdf
A.I.A._Bestows_Awards_A.I.A._.pdf;119454749.pdf
Adding_Up_the_Score_Architect.pdf;119927229.pdf
American_Architecture_And_Urba.pdf;118640335.pdf
An_Appraisal_Concept_Points_t.pdf;119005095.pdf
An_Appraisal_Elegance_Clingin.pdf;117804123.pdf
An_Edwardian_Splendor_Or_Green.pdf;119233104.pdf
Anatomy_of_a_Failure.pdf;118194080.pdf
And_This_Time_--_The_Good_Bank.pdf;119366288.pdf
Another_Chance_for_Housing_Ar.pdf;119862081.pdf
Anti-Street_Anti-People_Arch.pdf;119722944.pdf
Antonio_Gaudi_Genius_and_Sorc.pdf;119778056.pdf
Anyone_Dig_the_Art_of_Building.pdf;119323225.pdf
Architectural_Study_Says_City_.pdf;119280011.pdf
Architecture_Bigger_--And_Ma.pdf;120757450.pdf
Architecture_No_Canoeing_All.pdf;118016897.pdf
Architecture_The_Revolution_.pdf;117998505.pdf
Architecture_A_Funny_Roll_Of_.pdf;118873323.pdf
Architecture_A_Planning_Happe.pdf;117266076.pdf
Architecture_A_Tale_Of_Three_.pdf;118735567.pdf
Architecture_Bending_the_Rule.pdf;119099255.pdf
Architecture_Blue_Monday_In_L.pdf;118974481.pdf
Architecture_by_Entrapment.pdf;118349091.pdf
Architecture_Cold_Comfort_The.pdf;123594377.pdf
Architecture_Design_By_Rethin.pdf;118787931.pdf
Architecture_Down_Town_Blues_.pdf;118057734.pdf
Architecture_DREAMS_FROM_THE_D.pdf;121023824.pdf
Architecture_Fair_Fairer_Fa.pdf;117700421.pdf
ARCHITECTURE_FOR_A_FAST-FOOD_C.pdf;123829055.pdf
Architecture_Ford_Flies_High_.pdf;117305969.pdf
Architecture_Good_Buildings_H.pdf;119854096.pdf
Architecture_Handling_A_Hot_P.pdf;118955418.pdf
Architecture_Hands_Across_The.pdf;118941669.pdf
Architecture_Housing_The_Dea.pdf;117934019.pdf
Architecture_How_Doth_Welfare.pdf;118933399.pdf
Architecture_How_to_Build_a_C.pdf;119764780.pdf
Architecture_Misgivings_at_th.pdf;117787213.pdf
Architecture_No_Time_To_Joke.pdf;118872294.pdf
Architecture_Of_Symbolism_and.pdf;117646049.pdf
Architecture_Passport_To_Powe.pdf;117843564.pdf
Architecture_Peacock_Feathers.pdf;118798194.pdf
Architecture_Prophet_In_the_D.pdf;119033744.pdf
Architecture_Seen_Any_Good_Bu.pdf;118901034.pdf
Architecture_Sugar_Coating_A_.pdf;119127704.pdf
Architecture_The_Bucolic_Bull.pdf;118672335.pdf
Architecture_The_Chicago_Styl.pdf;119029796.pdf
Architecture_The_Tower_the_H.pdf;119002926.pdf
Architecture_This_Is_Silver_L.pdf;118844236.pdf
Architecture_Whither_Worlds_.pdf;119070374.pdf
Architecture_Whos_Afraid_of_.pdf;117006597.pdf
Art Imitates Polygons- FRANK LLOYD WRIGHT LETTERS TRILOGY.pdf;110815496.pdf
Art_and_Building_By_the_System.pdf;119607120.pdf
Art_The_Whitney_Museum_Shows_.pdf;117394143.pdf
At_Smithsonian_Decorative_Art.pdf;123217329.pdf
Atlantic_City_Growth_vs._Gran.pdf;118992752.pdf
Banks_Building_Plan_Sets_Off_.pdf;119202093.pdf
Battery_Park_City_in_3d_Plan.pdf;119433609.pdf
Biggest_Buildings_Herald_New_Era.pdf;115661131.pdf
Breaking_The_Mold_Architectur.pdf;119947489.pdf
Building_for_The_Space_Age.pdf;118476752.pdf
Buildings_That_Are_Symbols_To.pdf;114923184.pdf
Buildings_That_Stretch_the_Min.pdf;118418900.pdf
Can_a_Symbol_of_Graft_Be_an_Ar.pdf;120111036.pdf
Capitol_Architect_Under_New_At.pdf;117182753.pdf
Carnegie_House_Given_to_Cooper.pdf;119618116.pdf
City_Gets_a_Sweeping_Plan_for_.pdf;117263917.pdf
City_Landmark_Gets_a_Chance_Fo.pdf;117996199.pdf
Creeping Gigantism in Manhattan- ARCHITECTURE DESIGN.pdf;110803877.pdf
Cultural_Shock_Anyone.pdf;119370662.pdf
Culture_Is_As_Culture_Does.pdf;118261852.pdf
Danish_Design_From_Its_Famous.pdf;121401490.pdf
DESIGN NOTEBOOK The Unreal World Of Waiting Rooms- Design Notebook.pdf;121879970.pdf
Design_Beaux_Arts-the_latest_.pdf;120278849.pdf
Design_Dilemma_The_Kennedy_Gr.pdf;115941986.pdf
Design_For_those_who_sit_and_.pdf;120582617.pdf
Design_Grand_hotel.pdf;122554435.pdf
Design_Looking_back_at_the_wo.pdf;120504956.pdf
DESIGN_NOTEBOOK_A_Landmark_Hou.pdf;121053497.pdf
Design_Play_it_sadly_on_the_.pdf;.pdf
Design_Voodoo_signs_of_the_bu.pdf;120292683.pdf
Designing_the_Death_of_Design_.pdf;119444683.pdf
Does_Good_Architecture_Pay_D.pdf;116775282.pdf
Dont_Call_It_Kookie.pdf;118506289.pdf
Downtown_New_York_Begins_to_Un.pdf;117957843.pdf
Everybody_Back_Into_the_Old_Ru.pdf;118286149.pdf
Expansion_at_Columbia_A_Restr.pdf;116939103.pdf
First_Light_of_New_Town_Era_Is.pdf;115573825.pdf
Flushing_Meadows_Park_Plan_Del.pdf;117773448.pdf
Forest_Hills_Innovation_vs._R.pdf;119377268.pdf
FOUR_MODEL_BUILDINGS_UNDER_MUS.pdf;114702428.pdf
From_Sentiment_To_Social_Force.pdf;119956342.pdf
Full_Speed_Backward_Architect.pdf;117734241.pdf
Going_the_way_of_the_dinosaur.pdf;119946418.pdf
Good_Buildings_Are_Hard_to_Get.pdf;119854096.pdf
He_Adds_Elegance_To_Modern_Arc.pdf;115799593.pdf
He_Was_Not_Irrelevant.pdf;118685455.pdf
High-Tech_Or_the_Handcraft_Lo.pdf;123583045.pdf
HOME_DESIGN_DRAB_IN_U.S._STUD.pdf;118033532.pdf
Hospitality_and_the_Plastic_Es.pdf;119588647.pdf
How_a_Pool_Grew_in_Brooklyn.pdf;119540402.pdf
How_Not_to_Build_A_Symbol.pdf;118169527.pdf
How_Salem_Saved_Itself_from_Ur.pdf;119981368.pdf
How_to_Build_a_Civic_Center_A.pdf;119764780.pdf
How_to_Impoverish_a_City_at_$4.pdf;118231376.pdf
How_to_Keep_The_Status_Quo.pdf;118539889.pdf
How_to_Love_the_Boom.pdf;118459955.pdf
How_to_Slipcover_a_Building_W.pdf;120044878.pdf
In_New_York_a_Losing_Battle.pdf;118587681.pdf
In_Portland_Ore._Urban_Decay.pdf;118805719.pdf
In_St._Louis_the_News_Is_Bett.pdf;120161073.pdf
Innovative_Design_and_Planning.pdf;119876070.pdf
It_Can_Happen_Here.pdf;118265597.pdf
It_Isnt_Green_Cheese.pdf;119548622.pdf
Its_All_in_the_Mind_--_And_Ey.pdf;119514884.pdf
Its_Hard_to_Despise_Victorian.pdf;118774120.pdf
Italian_Design_Show_Appraised_.pdf;119543630.pdf
Just_a_Little_Love_a_Little_C.pdf;119745118.pdf
Kicked_a_Building_Lately_Arc.pdf;118564286.pdf
Lessons_in_How_to_Heal_the_Cit.pdf;119877781.pdf
Lessons_In_Urbicide.pdf;118399046.pdf
Library_As_Friend.pdf;119171844.pdf
Lights_Out.pdf;119516235.pdf
Living_With_the_Fake_And_Learn.pdf;109731247.pdf
LondonA_Design_That_Soured_T.pdf;119177611.pdf
Measuring_the_Dream_Architect.pdf;119739963.pdf
Metropolitan_Museum_Plans_Cent.pdf;119197406.pdf
MIRRORS_OF_OUR_TIME_EXPRESSIO.pdf;120969402.pdf
Model_Rooms_Images_Of_Past_an.pdf;119040830.pdf
MOMAs_immortal_pots_and_pans.pdf;119980085.pdf
More_Side_Street_Sabotage.pdf;118373388.pdf
Museum_Exhibit_Evokes_a_Lost_G.pdf;119358787.pdf
Museums_A_La_Carte.pdf;118618124.pdf
MUST_URBAN_RENEWAL_BE_URBAN_DE.pdf;115327703.pdf
N.Y.U._Seeks_Master_Plan_For_1.pdf;115791043.pdf
New_(Architectural)_Frontier_i.pdf;116148743.pdf
New_Bedford_Waterfront_a_Model.pdf;117625820.pdf
New_Custom_House_Modern_Func.pdf;119794758.pdf
New_Orleans_Boom_orBust_Art.pdf;119905777.pdf
New_Prison_Designs_Stress_Huma.pdf;119156748.pdf
New_York_Lifes_Loser_Does_I.pdf;118699246.pdf
Next_Crisis_A_Loss_of_Faith.pdf;119276111.pdf
Nobody_Here_But_Us_New_Yorkers.pdf;118190874.pdf
Not_For_the_Medici.pdf;119130457.pdf
Nothing_Is_the_Way_It_Was_Ar.pdf;119684724.pdf
On_the_Right_Track.pdf;429932447.pdf
Open-Space_Designs_Breathing_N.pdf;119284117.pdf
Our_New_Buildings_Hits_and_Mi.pdf;116028208.pdf
Pennsylvania_Avenue_Plan_Calls.pdf;115799143.pdf
Plan_for_Rebuilding_Pennsylvan.pdf;116391943.pdf
Planmng_Tied_to_Policy_Held_Ke.pdf;118712256.pdf
Plastic_Flowers_Are_Almost_All.pdf;119252213.pdf
Politicalizing_Architecture.pdf;118538044.pdf
Pools_Domes_Yamasaki--Debate.pdf;116265494.pdf
Program_to_Save_Historic_Sites.pdf;117154255.pdf
Project_Planned_10_Years_Has.pdf;116937247.pdf
Public_Sculpture-A_Citys_Most.pdf;120006388.pdf
Putting_Together_a_Perfect_Doo.pdf;119385935.pdf
Real_Estate_Transaction_1_--_N.pdf;119186797.pdf
Remnants_of_an_Era_Two_Silent.pdf;123938091.pdf
Revolt_in_London_Architecture.pdf;119602816.pdf
Sharp_Debate_What_Should_an_E.pdf;115171467.pdf
Ship_chandlers_and_spice_merch.pdf;119773359.pdf
Slab_City_Marches_On.pdf;118375764.pdf
Some_Awful_Building_Truths.pdf;119366288.pdf
SOME_NEW_FACES_ON_FIFTH_AVENUE.pdf;115561653.pdf
SOME_NEW_SKYSCRAPERS_AND_HOW_T.pdf;115112399.pdf
Sometimes_We_Do_It_Right.pdf;118213814.pdf
Sorry_Wrong_Number.pdf;119249452.pdf
Spring-Cleaning_A_Bustling_Tr.pdf;123728262.pdf
Standing_Room_Only_Architectu.pdf;119800137.pdf
Staten_Islands_Beauty_Losing_.pdf;116964266.pdf
Streets_of_Dublin_Show_the_Sca.pdf;123640649.pdf
Strictly_From_Hunger.pdf;118244871.pdf
Strike_at_Columbia_Architectur.pdf;118277115.pdf
That_Museum_Wright_or_Wrong.pdf;114820713.pdf
That_Silly_Time_of_Year.pdf;118321547.pdf
That_Was_No_Lady_In_Hoopskirts.pdf;119669931.pdf
The Making of a Master- MIES VAN DER ROHE .pdf;111131851.pdf
The Primal Urge to Embellish- In Whatever Era There Is the Primal Urge to Embellish.pdf;121805517.pdf
The Sage of the Skyline- LEWIS MUMFORD A Life.pdf;110306525.pdf
The_American_Image_Abroad_Arc.pdf;118194766.pdf
The_Art_We_Cannot_Afford_to_Ig.pdf;114359728.pdf
The_Battle_of_Murray_Hill_The.pdf;118877670.pdf
The_Big_Tent_Structural_Be-Al.pdf;119089581.pdf
The_Bigger_They_Are_._._..pdf;119431560.pdf
The_Black_Man_and_His_Architec.pdf;118932939.pdf
The_Bulldozer_Approaches_a_His.pdf;120104966.pdf
The_Case_for_Chaos.pdf;118538712.pdf
The_City_Dear_Brutus.pdf;118478178.pdf
The_Expressway_Debate_Progres.pdf;117625109.pdf
The_F.B.I._Building_A_Study_i.pdf;119336974.pdf
The_fall_and_rise_of_Main_stre.pdf;122780945.pdf
The_Gospel_According_To_Giedio.pdf;122827563.pdf
The_Landmark_Hole_in_the_Groun.pdf;119478665.pdf
The_Letterhead_Is_Solidly_Male.pdf;120165825.pdf
The_New_Galleries_Are_Near_Pe.pdf;121207277.pdf
The_New_York_That_Was_The_New.pdf;118072033.pdf
The_Old_Lady_of_29_East_Fourth.pdf;119463397.pdf
The_Plot_Thickens.pdf;119287321.pdf
The_Public_Building_From_soar.pdf;119999944.pdf
The_round_museum.pdf;119978616.pdf
The_Sabotaging_of_Pubic_Space.pdf;123843725.pdf
THE_SIGNIFICANCE_OF_OUR_NEW_SK.pdf;115061603.pdf
THE_SKYCRAPER_STYLE_ART_DECO.pdf;120093358.pdf
The_State_Office_Building_Dile.pdf;118634155.pdf
The_View_from_the_Mayors_Wind.pdf;118574346.pdf
Theres_More_to_a_Pub_Than_Mee.pdf;119270749.pdf
They_Finally_Got-It_Right_Arc.pdf;119794579.pdf
They_Know_What_They_Dont_Like.pdf;118659055.pdf
Thinking_Mans_Zoning.pdf;119375799.pdf
This_Time_Everyone_Wins.pdf;118507652.pdf
This_Time_They_Mean_It.pdf;118667119.pdf
Three_Different_Apartments_One.pdf;123443568.pdf
To_Keep_the_Best_of_New_York_.pdf;115451965.pdf
Too_Bad_About_The_Mall.pdf;119152424.pdf
Towering_Question_The_Skyscra.pdf;114960313.pdf
Vintage_House_Becomes_a_TV_Sta.pdf;120923639.pdf
Western_Europe_Is_Found_to_Lea.pdf;117063400.pdf
What_Should_a_Museum_Be_It_s.pdf;115009432.pdf
Whats_a_Tourist_Attraction_Li.pdf;120111620.pdf
Whats_Higher_Than_Highest_Wa.pdf;119347710.pdf
Whats_in_a_wall_It_can_be_d.pdf;122994053.pdf
Whats_It_Worth_On_the_Market.pdf;118544033.pdf
Where_Did_We_Go_Wrong.pdf;118338358.pdf
Where_Ghosts_Can_Be_At_Home.pdf;118174382.pdf
Where_It_Goes_Nobody_Knows.pdf;118581345.pdf
Where_They_Do_It_Right.pdf;119446859.pdf
You_Cant_Go_Home_to_Those_Fai.pdf;119771148.pdf
Your_Friendly_Bank_Knows_Best.pdf;119297525.pdf
_._._AND_ITS_BIG_AND_BEAUTIF.pdf;115802754.pdf
Living_Landmarks_Exhibition_.pdf;117122549.pdf
Model_City.pdf;114941137.pdf
$5-Billion_Urban_Reform_Propos.pdf;119420016.pdf
$24000000_Shrine_Is_Proposed.pdf;114968481.pdf
2_CONTRACTS_LET_FOR_AID_MUSEUM.pdf;116330536.pdf
2_Shows_Celebrate_Olmsteds_Ta.pdf;119394595.pdf
5_TOP_ARCHITECTS_VIE_ON_PARK_P.pdf;117391601.pdf
54-Story_Building_Planned_for_.pdf;115761988.pdf
54-StoryHotel_Expected_to_Revi.pdf;119850297.pdf
118-Year-Old_Holly_Bush_Takes_.pdf;117495682.pdf
600_Acres_of_Trouble_Mornings.pdf;115902097.pdf
1832_Village_Landmark_Faces_.pdf;116775107.pdf
A_Bad_End_And_a_Good_Idea.pdf;119093721.pdf
A_Breakthrough_in_Planning_Wa.pdf;118745289.pdf
A_Code_for_20th_Century_Revis.pdf;116900008.pdf
A_Crucial_Test_for_American_To.pdf;117891586.pdf
A_Fair_U.S._Pavilion_Controve.pdf;116540237.pdf
A_Fair_With_Flair_Expo_67_Sho.pdf;117449639.pdf
A_JEWEL_OF_A_MUSEUM_LUXURY.pdf;116460912.pdf
A_Landmark_Is_Saved_Historic_.pdf;117134544.pdf
A_Matter_Of_Urban_Delight_Arc.pdf;118470022.pdf
A_Nation_Of_Shopbuilders.pdf;119179213.pdf
A_New_Era_Heralded_Architectu.pdf;115652828.pdf
A_Plan_of_Taste_Design_for_Wi.pdf;116714086.pdf
A_Planning_Revolution.pdf;119935391.pdf
A_Singularly_New_York_Product.pdf;118289647.pdf
A_Start_on_Cities_of_Quality_.pdf;118185099.pdf
A_Vision_of_Rome_Dies_Shorn_o.pdf;117205719.pdf
A_Worthwhile_Addition_The_Rec.pdf;117195420.pdf
About_the_Satisfactions_of_the.pdf;118619026.pdf
Albanys_Threat_to_New_Yorks_.pdf;118313810.pdf
America_Land_of_the_Disposabl.pdf;117033540.pdf
America_the_Beautiful_Defaced.pdf;115533239.pdf
American_Place_Theater_Finds_a.pdf;119068810.pdf
An_Exercise_in_Chinese_Irony.pdf;118321065.pdf
ARCHITECT_NAMED_FOR_ELLIS_ISLA.pdf;116756805.pdf
Architect_Selected_by_Jury_For.pdf;119486647.pdf
ARCHITECTLESS_ARCHITECTURE_--_.pdf;115532160.pdf
ARCHITECTS_BACK_CRITICISM_OF_C.pdf;116397040.pdf
ARCHITECTS_EXAMINE_NEW_DIRECTI.pdf;115262816.pdf
Architects_Unit_Endorses_City_.pdf;119136639.pdf
Architects_in_Show_Face_Ener.pdf;119623544.pdf
Architectural_Dynamite_City_C.pdf;116420594.pdf
Architectural_Forum_Dropped;_H.pdf;115784676.pdf
Architectural_Giant_Le_Corbus.pdf;116972990.pdf
ARCHITECTURAL_VIEW_A_MASTER_B.pdf;122613348.pdf
Architecturally_A_Promise_in_.pdf;119621689.pdf
Architecture_6_Designs_Win_Ba.pdf;119856366.pdf
Architecture_A_Cultural_Fable.pdf;116996985.pdf
Architecture_A_Man_For_All_St.pdf;117969637.pdf
Architecture_A_Museum_Is_Also.pdf;118395388.pdf
Architecture_A_New_Leaf_In_th.pdf;117361966.pdf
Architecture_A_View_of_Giants.pdf;115750549.pdf
Architecture_Alvar_Aalto_Fin.pdf;115939084.pdf
Architecture_Building_a_Third.pdf;117185078.pdf
Architecture_Chaos_of_Good_B.pdf;115763596.pdf
Architecture_Designs_for_Amer.pdf;116415567.pdf
Architecture_Felt_Forum_New_.pdf;117769878.pdf
Architecture_Full_Speed_Forwa.pdf;117883789.pdf
Architecture_Fun_and_Games.pdf;116995604.pdf
Architecture_Fun_City_No;_Sl.pdf;118884181.pdf
Architecture_Grotesquerie_Ast.pdf;118262815.pdf
Architecture_Having_It_Both_W.pdf;118740457.pdf
Architecture_Heroics_Are_Out.pdf;118854199.pdf
Architecture_Horses_Anyone_.pdf;118079975.pdf
Architecture_How_Not_to_Build.pdf;119015970.pdf
Architecture_How_Success_Spoi.pdf;.pdf
ARCHITECTURE_HOW_TO_KILL_A_CI.pdf;116615148.pdf
Architecture_Huntington_Hartf.pdf;115688462.pdf
Architecture_in_71_Lively_Co.pdf;119315604.pdf
Architecture_In_Capital_Nati.pdf;.pdf
Architecture_Its_a_Long_Way_.pdf;118995524.pdf
Architecture_Maritime_Union_B.pdf;115556399.pdf
Architecture_Monumental_Quest.pdf;117325433.pdf
Architecture_New_World_Old_D.pdf;117854708.pdf
ARCHITECTURE_ON_TV_GREATEST_.pdf;115036639.pdf
ARCHITECTURE_PRIZES_AND_A_PRIZ.pdf;114928971.pdf
Architecture_Rumanias_Ambiti.pdf;115581083.pdf
ARCHITECTURE_STUMBLES_ON_RECE.pdf;116515506.pdf
Architecture_Sullivans_Power.pdf;117011883.pdf
Architecture_Tall_Housing_Ris.pdf;116748728.pdf
Architecture_That_Midtown_Tow.pdf;115724380.pdf
ARCHITECTURE_THAT_WAS_THE_WEE.pdf;116581134.pdf
Architecture_The_Architects_D.pdf;118922298.pdf
Architecture_THE_EDUCATED_EYE.pdf;123677514.pdf
Architecture_The_Federal_Imag.pdf;116899072.pdf
Architecture_The_Imperial_Go.pdf;118106737.pdf
Architecture_To_See_Ourselves.pdf;118798826.pdf
Architecture_Toward_the_New_W.pdf;115650159.pdf
Architecture_Trend-Setting_De.pdf;116854003.pdf
Architecture_Up_in_Central_Pa.pdf;117752747.pdf
ARCHITECTURE_VIEW_VIENNESE_ST.pdf;123579221.pdf
Architecture_Virtues_of_Plann.pdf;116354189.pdf
Architecture_Washington_Never.pdf;119633775.pdf
Architecture_What_A_Little_Ta.pdf;117967149.pdf
Architecture_Why_Planners_Get.pdf;116707811.pdf
Architecture_Yoo-Hoo_Abomina.pdf;118591788.pdf
Architecture_You_Cant_Win_e.pdf;117822351.pdf
ART_WITH_ARCHITECTURE_NEW_TER.pdf;114660799.pdf
Art_Wright_Mythology_Twenti.pdf;115695341.pdf
ARTS_GROUP_SAVES_BITS_OF_LANDM.pdf;115556140.pdf
At_Last_a_Winner_Riis_Plaza_.pdf;117052608.pdf
BALANCING_UP_A_HIGHBROW_IDEAL.pdf;116211899.pdf
Barbarism_Notes_From_All_Over.pdf;118480069.pdf
Beating_The_System.pdf;118607079.pdf
Big_but_Not_So_Bold_Trade_Cen.pdf;119642209.pdf
Bold_Harvard_Structure_Le_Cor.pdf;116412634.pdf
Bold_Plan_for_Building_Unveile.pdf;115590276.pdf
BREUER_TO_SHAPE_ROOSEVELT_SHRI.pdf;116855504.pdf
Britain_Wins_the_Housing_Race.pdf;119061238.pdf
Buildings_Case_History_Award.pdf;116514928.pdf
Call_for_a_Master_Plan_Archit.pdf;115868274.pdf
CAPITAL_PROGRAM_ARCHITECTURAL.pdf;116096897.pdf
CAPITOL_PROJECT_STIRS_ARCHITEC.pdf;117219113.pdf
CAPITOL_REMODELING_AROUSES_CRI.pdf;116095586.pdf
Celebrating_Dumb_Ordinary_A.pdf;119147136.pdf
Chamber_Finally_Admits_Public_.pdf;118283514.pdf
Cities_Getting_Full_Hearing_in.pdf;117431439.pdf
CITIES_GREAT_PLAINS_OR_CUT-RA.pdf;115883115.pdf
City_Is_Building_12_Movable_Pl.pdf;118185663.pdf
Civic_Center_Inches_On_Balanc.pdf;115925191.pdf
CIVIC_CLUB_HONORS_PRIVATE_BUIL.pdf;115720736.pdf
Co-op_Citys_Grounds_After_3_.pdf;119236113.pdf
Coast_Fountain_Melds_Art_and_E.pdf;118972940.pdf
Columbia_Plan_Includes_Undergr.pdf;119047663.pdf
Compatibility_Called_Key_to_Bu.pdf;119362914.pdf
Complaints_Grow_on_New_House_O.pdf;116742492.pdf
Complex_in_Boston_Is_Radically.pdf;116692105.pdf
Concertgoers_Give_Building_Lif.pdf;116157728.pdf
Construction_in_the_Capital_A.pdf;119901215.pdf
Controversy_Widens_on_Design_O.pdf;116017741.pdf
Cooper_Union_Projects_Vary_Arc.pdf;119107613.pdf
Creations_of_3_Top_Architects_.pdf;117875493.pdf
Creative_Plan_for_River_An_Ar.pdf;117264043.pdf
Credit_to_Originators_Success.pdf;117271402.pdf
Critics_Attack_Design_of_Antip.pdf;117038111.pdf
DAMS_DOMES_AND_THE_BATTLE_OF_.pdf;115576314.pdf
DESIGN NOTEBOOK Modern-Life Battle- Conquering Clutter- Design Notebook.pdf;121478349.pdf
Design_Enduring_splendor_of_M.pdf;123398004.pdf
Design_for_Progress_Novel_Con.pdf;116364072.pdf
Design_New_York_rediscovered.pdf;122826769.pdf
Design_Unbuilt_buildings_Desi.pdf;123142062.pdf
Despair_of_Demolition_Plans_t.pdf;115895025.pdf
DISSENT_AT_COLONIAL_WILLIAMSBU.pdf;116512249.pdf
DISSENTING_VIEW_CORRESPONDENT.pdf;114159660.pdf
Doing_the_Hard_Things_First.pdf;119526700.pdf
Doomsday_Notes_on_a_Rotten_Gam.pdf;118620465.pdf
Dutch_Planning_Cities_in_a_Bo.pdf;117068097.pdf
Eads_Bridge_-_Engineering_Mira.pdf;119948092.pdf
EERO_SAARINEN_1910-1961.pdf;115444624.pdf
Eero_Saarinens_Somber_Skyscra.pdf;117293879.pdf
Environment_Key_to_Downtown_Pl.pdf;119461982.pdf
Experiment_in_Parks_Vest-Pock.pdf;117161152.pdf
Extending_the_Debate_Over_Exte.pdf;117549712.pdf
Fairs_and_Architecture_Metrop.pdf;115544640.pdf
Faith_Hope_and_Muscle_City_P.pdf;117623987.pdf
Federal_Pavilion_for_New_York_.pdf;115590900.pdf
FEDERAL_STATES_OF_FLUX_SWITCH.pdf;115652282.pdf
Fine_Arts_Panel_Falls_to_New_F.pdf;116611099.pdf
Finnish_Master_Fashions_Librar.pdf;118918406.pdf
Fisher_Hall_Is_Alive_With_Grac.pdf;122782073.pdf
For_a_Living_Image_of_F.D.R..pdf;115360028.pdf
Freeman_Asks_Alternative_to_Bi.pdf;117742413.pdf
From_a_Candy_Box_a_Tardy_and_.pdf;116941242.pdf
From_a_Coleridge_Opium_Dream.pdf;118526282.pdf
Front_Page_1_--_No_Title_PEI_.pdf;115954394.pdf
Functionalism_Triumphs_Solid_.pdf;117288611.pdf
FUTURE_PREVIEWED_INNOVATIONS.pdf;114814505.pdf
Garden_of_EdenUpdated_Archite.pdf;120063668.pdf
Glass-Fronted_Room_Glinting_Wi.pdf;115725363.pdf
GOODBYE_WORTH_STREET_A_NEW_YO.pdf;118352597.pdf
Grass_at_Riis_Houses_Giving_Wa.pdf;116904986.pdf
Groundbreaking_Today_for_Bay_S.pdf;115835975.pdf
Habitat_Exciting_Concept_Fla.pdf;122971537.pdf
Hard_Questions_for_Harlem.pdf;118357919.pdf
Harsh_and_Handsome_The_New_Wh.pdf;117598319.pdf
HERITAGE_IN_PERIL_DEFENSE_OF_.pdf;114524941.pdf
HHFA_--_DESIGN_AT_THE_TOP_PRI.pdf;115921834.pdf
HOPE_FOR_THE_POOR_URGED_BY_RUS.pdf;117905376.pdf
Housing_the_American_Myth.pdf;118564207.pdf
How_We_See_or_Think_We_See_th.pdf;119764688.pdf
IDLEWILD_DISTRESSING_MONUMENT.pdf;116309246.pdf
If_at_First_You_Dont_Succeed.pdf;117949073.pdf
If_Its_Good_Leave_It_Alone.pdf;119122970.pdf
Illuminating_Show_Of_Breuers_.pdf;119388912.pdf
IN_PHILADELPHIA_AN_ARCHITECT.pdf;115477276.pdf
In_This_Corner_New_York_City.pdf;118386588.pdf
Its_Only_a_Paper_World_Archi.pdf;117667408.pdf
iYew_Towns_Bloom_in_Israeli_De.pdf;118714499.pdf
JET_AGE_TRIUMPH_SAARINENS_NE.pdf;115809188.pdf
Juilliards_New_Building_Esth.pdf;118656217.pdf
Kahns_Buildings_Blended_Logic.pdf;120136117.pdf
Keeping_the_There_There.pdf;119353518.pdf
Kennedy_Adopts_Buildings_Plan_.pdf;116087686.pdf
Landmark_Plans_Stir_Wall_St._C.pdf;117506148.pdf
Latin_Victorian.pdf;118061344.pdf
Lessons_in_the_Death_of_Style.pdf;118615289.pdf
Lewisohn_Stadium_Will_Be_Razed.pdf;.pdf
LINDSAY_SURVEYS_CITY_FROM_COPT.pdf;116923931.pdf
Litho_City_Hit_or_Flop_Unio.pdf;116400674.pdf
Lively_Original_U.S._Dead_Copy.pdf;116845406.pdf
Living_in_the_Follies_of_the_P.pdf;123634690.pdf
Local_Workshops_to_Study_Resid.pdf;119838485.pdf
Love_Not_Logic_Sets_Design_.pdf;115575722.pdf
Low_Bid_Gets_Park_Ave._Home_On.pdf;115699349.pdf
Manhattan_of_Old_When_54th_St.pdf;117533357.pdf
Marble_Home_Seen_as_a_Realizat.pdf;118757373.pdf
MARVEL_OR_MONSTER_GRAND_CENT.pdf;115221126.pdf
Megalopolis_Show_Artists_an.pdf;119448508.pdf
MEMORIAL_DESIGN_FACES_HOUSE_UN.pdf;118757373.pdf
Met_as_Architecture_New_House.pdf;117562383.pdf
Metropolitan_Museum_to_Expand_.pdf;117903657.pdf
Metropolitan_Museum_to_Get_Cos.pdf;118344493.pdf
Metropolitan_to_Set_Up_Wright_.pdf;119411765.pdf
Mies_van_der_Rohe_1886_--_1969.pdf;118569286.pdf
Missing_the_Point_(and_Boat)_a.pdf;119127641.pdf
Model_Cities_Construction_to_S.pdf;118402104.pdf
Model_for_Madison_Square_Garde.pdf;115737402.pdf
Model_Homes_for_Americans.pdf;119040830.pdf
Modern_Museum_Assays_Engineeri.pdf;115864416.pdf
Monestery_by_Corbu.pdf;115171823.pdf
Monumental_Troubles_Rejection.pdf;115837336.pdf
More_on_How_to_Kill_a_City.pdf;116798609.pdf
Mr._Pei_Comes_To_Washington.pdf;119151757.pdf
Must_Bad_Buildings_Be_the_Norm.pdf;119666220.pdf
Myrdal_Warns_U.S._To_Aid_Poor_.pdf;117311763.pdf
N.Y.C._ARCHITECTURAL_UPS_AND_D.pdf;115661223.pdf
NERVI_IN_AND_ON_NEW_YORK.pdf;115687244.pdf
New_Bronx_Zoo_Building_a_Rara_.pdf;119583626.pdf
New_Era_for_Parks_Hoving_and_.pdf;117150992.pdf
New_Look_of_the_Campus.pdf;115487224.pdf
New_Patterns_For_City_Housing.pdf;116375384.pdf
New_York_Area_Homes_Scored_in_.pdf;115727674.pdf
New_York_Citys_Growing_Archit.pdf;118276146.pdf
New_Yorks_Architectural_Folli.pdf;116759458.pdf
Non-Fables_for_Our_Time.pdf;119208759.pdf
Not_for_City_Planners.pdf;119321781.pdf
NOTED_BUILDINGS_IN_PATH_OF_ROA.pdf;116762889.pdf
Nothing_Inviolate_Here_Plan_f.pdf;115946584.pdf
Of_Capital_Failure_and_Capital.pdf;120113265.pdf
Old_Jeffs_Conversion_Prese.pdf;118079505.pdf
Olympian_Designer.pdf;115234500.pdf
Ominous_Outlook_for_Housing.pdf;118474463.pdf
On_Television_Architecture_Is.pdf;115035110.pdf
Only_the_Phony_Is_Real_Archit.pdf;119920092.pdf
Only_You_Can_Help_Yourselves.pdf;119063126.pdf
Open_Season_on_the_Nations_Mo.pdf;117356387.pdf
Pariss_La_Defense_Cluster_Co.pdf;123674674.pdf
ParisThe_Grand_Design_Desola.pdf;123672023.pdf
PARLEY_ON_DESIGN_VIEWS_U.S._IM.pdf;116323470.pdf
Piranesis_Roman_Grandeur_on_S.pdf;119583994.pdf
Plan_for_Jewish_Martyrs_Monum.pdf;118294320.pdf
Plan_Is_Regarded_as_Break_With.pdf;118448103.pdf
Plans_Total_Concept_Is_Hail.pdf;118763206.pdf
PLANNER_DEFENDS_CARS_IN_MIDTOW.pdf;116360500.pdf
Planning_Changeover.pdf;119671185.pdf
Planning_for_Beauty_White_Hou.pdf;116737219.pdf
Planning_for_Cities_in_Chaos.pdf;117514366.pdf
Planning_for_the_Nations_Citi.pdf;116827384.pdf
Planning_the_New_City_Modern_.pdf;117390341.pdf
Plans_shown_for_New_Building_f.pdf;116503357.pdf
Politics_of_Expressways_Putti.pdf;118522900.pdf
POP_ARCHITECTURE_HERE_TO_STAY.pdf;115570912.pdf
Pow!_Its_Good-by_History_Hel.pdf;119201168.pdf
Preserving_Noo_Yawk_Landmarks.pdf;120509997.pdf
Pressing_the_Panic_Button_on_C.pdf;118635506.pdf
Proposed_Monument_Under_Glass_.pdf;118629034.pdf
Quality_Design_With_Amenities.pdf;117870798.pdf
Realistic_View_of_City_Proble.pdf;115911889.pdf
Remodeling_of_National_Capitol.pdf;117255415.pdf
RENEWAL_PROJECT_SPLITS_CLEVELA.pdf;116277384.pdf
Revamping_of_Architectural_Edu.pdf;117133761.pdf
Romantic_Science_Hall_Harriso.pdf;115520848.pdf
Roosevelt_Memorial_Design_Hits.pdf;119610537.pdf
San_Francisco_Offers_Its_Inhab.pdf;114999125.pdf
Saratoga_Losing_Race.pdf;118217253.pdf
Sculptor_Of_Fantasy.pdf;115509445.pdf
Seasoning_the_Witches_Brew.pdf;116717333.pdf
Shape_of_the_Future_at_Fairs.pdf;115266853.pdf
Shlocton_Greets_You.pdf;122985761.pdf
Show_Offers_Joy_of_Hotel_Arc.pdf;117835718.pdf
Soaring_Towers_Gave_Form_to_an.pdf;116223961.pdf
SOMETHING_AWRY_THREE_NEW_BUIL.pdf;116347396.pdf
SOS_to_Washington_Save_Our_Ci.pdf;117380083.pdf
Souvenirs_Of_a_New_Age.pdf;118492387.pdf
Soviet_Architectural_Gem_Reso.pdf;117944121.pdf
St._Louis_Success_Architectur.pdf;118335872.pdf
STONE_TO_DESIGN_CITY_CIVIC_CEN.pdf;116688309.pdf
STUDY_WILL_WEIGH_LAW_USE_IN_DE.pdf;116527450.pdf
Sweden_Avoids_U.S._Suburban_Sp.pdf;117071971.pdf
Tale_of_a_Few_Cities--Everywhe.pdf;119118973.pdf
Ten_Buildings_That_Say_Today_.pdf;114872163.pdf
Test_Case_in_Park_Plans_Propo.pdf;115914877.pdf
THE_ARCHITECT_AS_A_PROPHET.pdf;115078785.pdf
The_Architecture_Of_Destructio.pdf;118260835.pdf
The_Art_of_Architecture_The_E.pdf;117105132.pdf
The_Building_You_Love_to_Hate.pdf;119130379.pdf
THE_CITY_ON_TV_OUR_MAJOR_ARCH.pdf;115119350.pdf
The_Crisis_of_the_Environment.pdf;118585126.pdf
The_Decline_(and_Fall)_of_Ita.pdf;119507446.pdf
The_Endless_Search.pdf;119211986.pdf
The_Esthetic_Mystique_For_the.pdf;117974181.pdf
THE_FACTS_OF_WRIGHTS_GREATNES.pdf;116041346.pdf
The_Fantasies_Of_Ludwig_II_De.pdf;120988367.pdf
The_Federal_Funnybone.pdf;119183344.pdf
The_Housing_Crisis.pdf;120240124.pdf
The_Kickback_Game.pdf;120045616.pdf
THE_MOST_INFLUENTIAL_ARCHITECT.pdf;123219636.pdf
The_National_No-Building_Progr.pdf;118623562.pdf
THE_NEW_YORK_HILTONS_TWO_FACE.pdf;116280031.pdf
The_Newest_Skyscraper_in_Manha.pdf;122477347.pdf
The_Past_Is_A_Moment_Ago.pdf;119288834.pdf
THE_PENNSYLVANIA_AVENUE_PLAY_.pdf;116379284.pdf
The_Salvage_of_Old_Jeff_Deter.pdf;115878109.pdf
The_Second_Israel.pdf;118467879.pdf
The_Stakes_Are_High_for_All_in.pdf;118703203.pdf
The_Uses_of_the_Past_Design_f.pdf;117134377.pdf
There_But_For_the_Grace..._Ar.pdf;120095458.pdf
Three_Buildings_Three_Ages.pdf;114857622.pdf
Times_Square_Renewal_(Act_II).pdf;110234114.pdf
Too_Solid_Concrete.pdf;120014226.pdf
Topics_Reprise.pdf;.pdf
Toward_Excellence_in_Urban_Red.pdf;117090717.pdf
Triple_Legacy_Of_Mr._Wright_D.pdf;114864905.pdf
Two_Buildings_Win_Design_Award.pdf;119432885.pdf
Two_Design_Takeoffs_for_the_Ai.pdf;115930183.pdf
U.S._Pavilion_at_Osaka_Fair_Wi.pdf;118642343.pdf
U.S._State_and_City_Aid_Asked.pdf;116777406.pdf
Uglification_Has_Followed_Ruin.pdf;119635624.pdf
UGLY_CITIES_AND_HOW_THEY_GROW.pdf;115717803.pdf
Upheaval_at_Battery_Stock_Exc.pdf;116628308.pdf
Victory_By_Default.pdf;116760334.pdf
Warneckes_Capital_Work.pdf;116286322.pdf
Washingtons_National_Gallery_.pdf;118383014.pdf
When_Life_Is_Stranger_Than_Art.pdf;117757990.pdf
Will_Slab_City_Take_Over_Times.pdf;118191908.pdf
World_Of_the_Absurd.pdf;118175696.pdf
WORLDS_FAIR_INTERNATIONAL_SC.pdf;115776338.pdf
Worlds_Fair_Preview_Fair_Pre.pdf;116521987.pdf
Worlds_They_Never_Made.pdf;115157049.pdf
Wright_House_at_Bear_Run_Pa..pdf;116470685.pdf
Wright_Show_Tells_No_Neutral_.pdf;119593088.pdf
YALE_TO_DEDICATE_3D_NEW_BUILDI.pdf;116487831.pdf
YALE_TO_DEDICATE_NEW_LABORATOR.pdf;116487831.pdf
You_Win_Some_You_Lose_Some.pdf;119550393.pdf
A_Blow_for_Architecture.pdf;115808189.pdf
A_Grand_Boulevard_For_Washingt.pdf;115791223.pdf
A_Landmark_Law.pdf;116733456.pdf
A_Mourned_Saloon.pdf;116044303.pdf
A_Penalty_on_Quality.pdf;116617106.pdf
A_Revolving_Worlds_Fair_In_.pdf;117268075.pdf
A_Tower_Too_Many.pdf;117895396.pdf
A_Washington_Renaissance.pdf;115610018.pdf
Action_to_Save_Landmarks.pdf;115905565.pdf
Against_Street_Widening.pdf;116573937.pdf
America_the_Beautiful.pdf;116739784.pdf
An_Architect_Is_Needed.pdf;115314275.pdf
Anonymous_Architecture.pdf;115569877.pdf
ANOTHER_CHAPTER_IN_HOW_TO_KIL.pdf;116413624.pdf
Anything_Left_to_Preserve.pdf;115881638.pdf
Architect_of_Vision.pdf;116966091.pdf
ARCHITECTS_BACK_PLAN_FOR_CAPIT.pdf;115828985.pdf
Architectural_New_Frontier.pdf;116353783.pdf
Architectural_Obstructionism.pdf;117587867.pdf
Architecture_Adding_Up_the_Sc.pdf;117403275.pdf
Architecture_Blending_the_Cla.pdf;115578610.pdf
Architecture_Fitting_Site_Am.pdf;115828708.pdf
Architecture_Mies_Lessons_Fr.pdf;117192380.pdf
Artists_Need_Studios,_Too.pdf;116601047.pdf
As_the_Wreckers_Ball_Swings.pdf;116832272.pdf
Atrocity_at_Union_Square.pdf;116126373.pdf
Avenue_of_Presidents.pdf;115826641.pdf
Bad_Try_on_Gracie_Mansion.pdf;116332604.pdf
BCGST_B0L01NG_l,RaU0_NEW_ERA.pdf;115661131.pdf
Blow_to_Better_Building.pdf;115803450.pdf
Bowling_Over_Grand_Central.pdf;115438754.pdf
Brooklyn_Heights_--_A_Heritage.pdf;116837716.pdf
Bureaucratic_Roadblock.pdf;118128473.pdf
BUSINESSMEN_SEE_CENTER_A_REALI.pdf;115646536.pdf
Capitol_Remodeling.pdf;116095586.pdf
Chicago_Saves_Its_Past_New_La.pdf;116418892.pdf
Chickens_in_the_Park.pdf;117623371.pdf
City_of_Hope,_Despair.pdf;117033384.pdf
Civic_Center.pdf;117192716.pdf
Compromise_on_Park_Stables.pdf;118017499.pdf
Conference_on_Ugliness.pdf;116034969.pdf
Dendur-in-New_York.pdf;118106849.pdf
Design_for_a_City.pdf;117861463.pdf
DESIGNS_OF_FUTURE_LMOST_VICTOR.pdf;116790317.pdf
Destroying_a_City.pdf;115686428.pdf
Developing_Lower_Manhattan.pdf;117755358.pdf
Dont_Slice_Up_Central_Park!.pdf;115794077.pdf
Down_With_the_Savoy_Plaza.pdf;115620316.pdf
Downtown_Manhattan.pdf;117450272.pdf
Drab_and_Ugly.pdf;116809537.pdf
Echoes_of_the_Age_of_Victoria.pdf;116505482.pdf
End_Papers.pdf;116601094.pdf
Expo_67.pdf;117462316.pdf
Farewell_to_Landmarks.pdf;115952645.pdf
Farewell_to_Penn_Station.pdf;116337364.pdf
Farewell_to_Worth_Street.pdf;116259382.pdf
Foes_Fear_Plans_Will_Mar_Old_N.pdf;116829799.pdf
Good-by_to_Fifth_Avenue.pdf;117837417.pdf
Gramercy_Park_and_Murray_Hill.pdf;116897843.pdf
Hot_Landmarks.pdf;117333018.pdf
Housing_in_the_City--II.pdf;118084337.pdf
#N/A
How_to_Tame_a_Bulldozer.pdf;116010612.pdf
In_the_Name_of_Progress.pdf;115662330.pdf
Irony_in_the_Parks.pdf;115657065.pdf
Kill_Him,_but_Save_the_Scalp.pdf;116013341.pdf
King_of_Checkerboards_Towerin.pdf;118089375.pdf
Knifing_the_Civic_Center_Plan.pdf;115548296.pdf
Lafayette_Square.pdf;116210128.pdf
Landmark_Legislation.pdf;115936683.pdf
Landmarks_Legislation.pdf;116365318.pdf
Let_Bad_Enough_Alone.pdf;115997308.pdf
Lower_Manhattan.pdf;117513100.pdf
Matching_Need_and_Design.pdf;118076851.pdf
Miracle_on_68th_Street.pdf;116731470.pdf
Mr._Connor_vs._Staten_Island.pdf;117743318.pdf
New_Departures_in_Design_Are_H.pdf;116723026.pdf
New_York_Program_Housing.pdf;116894062.pdf
New_York_Program_Planning.pdf;117043744.pdf
New_Yorks_Great_Open_Space.pdf;117045817.pdf
No_Architect.pdf;116237202.pdf
Of_Time_and_the_River.pdf;116737594.pdf
Old_Jeff.pdf;118098047.pdf
Old_Town_Blues.pdf;116700323.pdf
Open_Season_on_Staten_Island.pdf;117356387.pdf
Outdoor_Living_With_Undergroun.pdf;116920828.pdf
Park_Avenue_School_Of_Architec.pdf;114078862.pdf
Parks_to_Enjoy.pdf;120367766.pdf
Penn_Station_Giving_Way_to_New.pdf;115753835.pdf
Penn_Stations_Perils.pdf;116167099.pdf
Planning_Our_Communities.pdf;115555687.pdf
Political_Football_Planning.pdf;116892459.pdf
Preserving_New_Yorks_Heritage.pdf;115308675.pdf
Promenade_Will_Be_One_of_State.pdf;115714399.pdf
Rape_of_the_Brokaw_Mansion.pdf;116735618.pdf
RENEWAL_IN_BOSTON_GOOD_AND_BA.pdf;115764499.pdf
Restoration_of_St._Pauls_Area.pdf;116795893.pdf
Sabotage_by_Improvement.pdf;116725317.pdf
Saving_Fine_Architecture.pdf;116215478.pdf
Scottish_New_Town_Pattern_f.pdf;116857076.pdf
Soaring_Pattern--_The_Air_Forc.pdf;116223961.pdf
South_of_Brooklyn_Bridge.pdf;115660880.pdf
ST._LOUIS_AND_THE_CRISIS_OF_AM.pdf;115613376.pdf
STATE_ARTS_UNIT_CITES_LANDMARK.pdf;115720505.pdf
State_Capitals_Go_Radical.pdf;116630575.pdf
Staten_Island_Last_Call.pdf;117488009.pdf
Still_the_Wreckers_Ball.pdf;116737423.pdf
Sunrise_Over_Morningside.pdf;115927967.pdf
T.H._Vale_Atque_Ave.pdf;117269347.pdf
The_Armory_Sites_._._..pdf;115961834.pdf
The_Battle_of_Lafayette_Square.pdf;115699730.pdf
The_Block.pdf;115744475.pdf
The_Cadman_Plaza_Project.pdf;115643546.pdf
The_Citys_Architecture.pdf;115976309.pdf
The_Crumbling_Landmarks.pdf;115934252.pdf
The_Design_of_the_City.pdf;118040622.pdf
The_Government_Architect.pdf;116258434.pdf
The_Maeght_Museum_Trouble_in_.pdf;116725127.pdf
The_New_Stock_Exchange.pdf;116501029.pdf
The_Planless_City.pdf;117025038.pdf
The_Planning_Symposium.pdf;115585688.pdf
The_Theater_Hair,_a_Love-Ro.pdf;117940371.pdf
The_Urban_Crisis.pdf;115859392.pdf
The_Use_of_Consultants.pdf;118053098.pdf
The_World_Trade_Center.pdf;115643208.pdf
To_Rejuvenate_New_York.pdf;117420988.pdf
Unhappy_Happening_in_Park.pdf;117377215.pdf
Unusual_House_Designs_Win_Arch.pdf;115570060.pdf
Urban_Beauty_Only_Skin_Deep.pdf;116846211.pdf
What_Price_Progress.pdf;116532972.pdf
_._._and_Capitol_Architect.pdf;119138955.pdf
_and_Old_New_Orleans.pdf;120171597.pdf
_Master_vs._Mini_Plan.pdf;120106249.pdf
Model_City.pdf;114941137.pdf
What_Is_Your_Favorite_Buildin.pdf;115277540.pdf
100_50_10....pdf;119095913.pdf
1917_The_Russian_Revolution_19.pdf;117468414.pdf
A_$58_Million_Mistake.pdf;119623201.pdf
A_Biblical_Landscape_Adjoins_B.pdf;118527712.pdf
A_Billion_Burgers.pdf;120191513.pdf
A_New_Zoning_Law.pdf;120140062.pdf
A_Plan_and_a_Policy.pdf;119172710.pdf
A_Pragmatic_City_Plan.pdf;118611845.pdf
A_Sense_of_Manhattan_as_Reflec.pdf;120160571.pdf
A_Success_as_Architecture_and_.pdf;119116574.pdf
Acceptable_Compromise.pdf;119645013.pdf
Affront_to_the_Capitol.pdf;118640592.pdf
Albia_Iowa_Has_Lesson_to_Tea.pdf;119216507.pdf
All_of_the_Arts_but_Architectu.pdf;118334653.pdf
All_Snug_in_the_Harbor.pdf;119144948.pdf
America_the_Beautiful_Defaced.pdf;115533239.pdf
An_Essential_Saving.pdf;119636566.pdf
Architect_or_Plumber.pdf;119371260.pdf
Architecture_A_Look_At_the_Ke.pdf;119274701.pdf
Architecture_Chaos_of_Good_B.pdf;115763596.pdf
Architecture_Good_Buildings_H.pdf;118894531.pdf
Architecture_How_Not_to_Build.pdf;119015970.pdf
Architecture_In_Capital_Nati.pdf;116294968.pdf
Architecture_Its_a_Long_Way_.pdf;118995524.pdf
Architecture_Making_the_Scene.pdf;118470319.pdf
Architecture_Object_Lesson_in.pdf;118354736.pdf
Architecture_The_Revolution_W.pdf;119253591.pdf
Architecture_Tribute_to_a_Lan.pdf;118307388.pdf
Article_2_--_No_Title_State_C.pdf;120134699.pdf
Assembly_Line_for_That_Dream_H.pdf;118811933.pdf
At_the_Barricades.pdf;119961244.pdf
Atlantic_Avenue_Development.pdf;118992752.pdf
Avenue_of_the_Americas.pdf;119513895.pdf
Back_to_the_City.pdf;120044920.pdf
Battery_Park_City.pdf;119433609.pdf
Boon_to_Harlem_--_or_Disaster.pdf;118333896.pdf
Bostons_New_City_Hall_A_Publ.pdf;118553817.pdf
Can_Fifth_Avenue_Be_Saved.pdf;119378528.pdf
Capitol_Crime (1).pdf;118654039.pdf
Capitol_Crime.pdf;119408988.pdf
Capitol_Outrage.pdf;118673459.pdf
Catch_222324.pdf;120080241.pdf
Central_Park_Follies.pdf;120074674.pdf
Central_Park_Landmark.pdf;120051162.pdf
Chaotic_Culture.pdf;120142698.pdf
Charleston_Call_It_Making_the.pdf;119337214.pdf
Civic_Banality.pdf;120043483.pdf
Civil_Servant.pdf;119710374.pdf
Construction_Halted_._._..pdf;118570369.pdf
Convention_Center.pdf;119811846.pdf
Cosmetic_Spectacular.pdf;118762007.pdf
Curtain_Going_Up.pdf;119365247.pdf
Decentralizing_Art.pdf;119792212.pdf
DISSENTING_VIEW_CORRESPONDENT.pdf;114159660.pdf
Dissimilar_Buildings_Similar_.pdf;118941706.pdf
Down_by_the_Depot.pdf;120139861.pdf
Dutch_Planning_Cities_in_a_Bo.pdf;117068097.pdf
East_River_Change.pdf;119650179.pdf
East_Side_Plan.pdf;119595927.pdf
Empire_State.pdf;119523634.pdf
Endangered_Species.pdf;120188213.pdf
Energy_Revolution.pdf;119749072.pdf
Eroding_the_Life_of_the_Cit.pdf;119036370.pdf
Farewell_to_Dolce_Vita.pdf;120076167.pdf
Flushing_Grand_Prix.pdf;120001602.pdf
Gassy_Bulls_Head.pdf;118646209.pdf
Gift_to_the_Nation.pdf;119745944.pdf
Good-by_to_the_Waterfront.pdf;118352597.pdf
Graceless_and_Graceful.pdf;120177171.pdf
Groping_for_a_Word.pdf;119141392.pdf
Hope_for_Housing.pdf;119769590.pdf
Housing_Shortage.pdf;119741943.pdf
Islands_of_Amenity.pdf;120102154.pdf
Israel_Hopes_to_House_Negev_Be.pdf;118670787.pdf
Its_Hawksmoors_Day_Again_in_.pdf;119326159.pdf
Its_So_Peaceful_In_the_Countr.pdf;119212515.pdf
Jumbo_Atop_Grand_Central.pdf;118286123.pdf
Large-Scale_Buckpassing.pdf;119749521.pdf
London_Studying_$300-Million_R.pdf;118296257.pdf
Londons_Second_Blitz.pdf;119312933.pdf
Losing_the_War.pdf;120058883.pdf
Mackintosh_A_Genius_To_Be_Rec.pdf;118367620.pdf
Man_of_Parks.pdf;119536499.pdf
Man_the_Polluter.pdf;118562370.pdf
Mies_van_der_Rohe.pdf;118569286.pdf
Miracle_for_Welfare_Island.pdf;118501793.pdf
Missing_Element.pdf;120084070.pdf
Mrs._OLearys_Cow_Phase_Two.pdf;119273285.pdf
Needed_City_Planner.pdf;119767514.pdf
Neighborhoods.pdf;120126420.pdf
New_City_at_the_Battery.pdf;118562562.pdf
New_Exeter_Library_Stunning_P.pdf;119328175.pdf
New_Londons_Heritage.pdf;119809999.pdf
New_National_Museum.pdf;119988341.pdf
New_Times_Square....pdf;120176332.pdf
New_Tool_for_New_Towns.pdf;118196382.pdf
New_York_Taxis_Strange_Hush.pdf;118953882.pdf
New_Yorks_Future_Malls.pdf;119721343.pdf
No_Exit.pdf;118751490.pdf
No_Skyscraper_Landmark.pdf;120006939.pdf
Ode_to_Manhattans_Spires_and_.pdf;118979967.pdf
Omen_or_Omission.pdf;120092818.pdf
Parade_Madness.pdf;118346959.pdf
Paris_in_the_Sky.pdf;119469564.pdf
Park_Plaza_East.pdf;119512106.pdf
Planned_Tomatoes.pdf;119776040.pdf
Planned-or_Planless.pdf;120048601.pdf
Planning_Blueprint_For_City_D.pdf;118591104.pdf
Planning_City_Growth.pdf;120101103.pdf
Planning_Commission_Vacancy.pdf;118675018.pdf
Planning_Commitment.pdf;119758090.pdf
Planning_for_Greenery.pdf;119947814.pdf
Planning_for_the_City.pdf;119856792.pdf
Planning_in_Lincoln_Square.pdf;118572994.pdf
Planning_Is_Essential.pdf;118305658.pdf
Political_Planners.pdf;119519086.pdf
Post_Office_Behemoth.pdf;118343109.pdf
Professionalism_vs._Blight.pdf;118705912.pdf
Progress_for_the_Past.pdf;119778709.pdf
Public_Housing_or_Public_Slum.pdf;118385004.pdf
Recycling_Buildings.pdf;120143778.pdf
Redoing_Welfare_Island.pdf;118656932.pdf
Remember_The_Alamo.pdf;118311820.pdf
Revitalization_of_Cleveland_at.pdf;119769600.pdf
Revival_in_St._Louis.pdf;120048065.pdf
Riverbank_Park.pdf;118763639.pdf
Rus_in_Urbe.pdf;119455867.pdf
Sabotaging_Fifth_Avenue.pdf;120097453.pdf
Safeguard_for_Urban_Quality.pdf;119397996.pdf
Save_the_Side_Streets.pdf;118812306.pdf
Schermerhorn_Row_Landmark.pdf;118198225.pdf
Schermerhorn_Row_Saved.pdf;118448870.pdf
Scrap_City.pdf;120068529.pdf
Self-Destructing_City.pdf;120192572.pdf
Selling_the_President_Archite.pdf;119792370.pdf
Sense_and_Sensibility.pdf;119468486.pdf
Shaper_of_Ideas.pdf;120043619.pdf
Sharp_Debate_What_Should_an_E.pdf;115171467.pdf
Shorefront_Meat.pdf;118670284.pdf
Slowdown_to_Fast_Food.pdf;119957682.pdf
Some_Sour_Notes_Sound_At_the_K.pdf;119131561.pdf
Sporting_With_SoHo.pdf;119559604.pdf
St._Louis_Parking_Lot.pdf;120150427.pdf
Stable_in_the_Park.pdf;118546606.pdf
Subsidized_Luxury.pdf;120096248.pdf
Suburbia_Threatened.pdf;119737289.pdf
Suburbia_Unlimited.pdf;119905922.pdf
Subway_Slum.pdf;119005210.pdf
Success_in_City_Planning.pdf;120096435.pdf
Sunnyside_Surprise.pdf;119773314.pdf
The_American_Vision.pdf;120039547.pdf
The_Bank_on_42d_Street..pdf;120050746.pdf
The_Blockbusters.pdf;118307663.pdf
The_Brownstone.pdf;120093284.pdf
The_Citys_Consultants.pdf;118802794.pdf
The_Clinton_Community.pdf;119998795.pdf
The_Convention_Center (1).pdf;119656878.pdf
The_Convention_Center.pdf;119764354.pdf
The_Emperor_of_Capitol_Hill.pdf;118328274.pdf
The_Future_of_the_City.pdf;118652022.pdf
The_Glory_That_Was_Paris.pdf;119143654.pdf
The_House_That_HUD_Built_Arch.pdf;118238203.pdf
The_Houses_on_82d_Street.pdf;119840857.pdf
The_Master_Plan.pdf;118922738.pdf
The_Meaning_of_a_Wall_Archite.pdf;120061167.pdf
The_Miesian_Lesson.pdf;118284438.pdf
The_Museums_Birthday_Cake.pdf;119161852.pdf
The_New_American_City_Atlant.pdf;120039411.pdf
The_New_Urban_Image_Look_Down.pdf;119970754.pdf
The_Old_City_of_Jerusalem_Is_G.pdf;118510852.pdf
The_Other_Lawyers.pdf;848171397.pdf
The_Tudor_City_Parks.pdf;119517805.pdf
The_Washington_Market_Plan.pdf;118232051.pdf
The_West_Sides_Future.pdf;120047379.pdf
Tinker_Toy_City_Hall_in_Israel.pdf;118532051.pdf
Tweed_Courthouse.pdf;120048930.pdf
Two_in_Trouble.pdf;118549394.pdf
Undermining_Landmarks_Law.pdf;118188635.pdf
Undermining_Zoning.pdf;119461941.pdf
Wall_for_Manhattan.pdf;119662285.pdf
Waterfront_City.pdf;119914916.pdf
Whats_a_Landmark....pdf;119850450.pdf
Woeful_Waste.pdf;120193320.pdf
Yorkville_Under_Siege.pdf;119754743.pdf
You_Cant_Go_Home_to_Those_Fai.pdf;119771148.pdf
Zoning_Imagination.pdf;118926096.pdf
_._._Small_but_Vital.pdf;122875816.pdf
_a_Rescue_Device.pdf;122705374.pdf
Quality_Zoning....pdf;122793776.pdf
A_Beautiful_Showplace_for_Am.pdf;121404095.pdf
A_Blooming_in_the_Bronx.pdf;123762499.pdf
A_Boon_for_the_Zoos.pdf;121182846.pdf
A_Building_Boom_in_the_Wrong_P.pdf;120967471.pdf
A_Building_Fit_for_Buildings.pdf;123121396.pdf
A_Capitol_Crime.pdf;123350560.pdf
A_Glittering_Prize_for_the_Bat.pdf;121830733.pdf
A_Grand_Building_Belongs_to_Al.pdf;123364596.pdf
A_Grand_Decision_for_Grand_Cen.pdf;123273079.pdf
A_Grand_Plan_for_a_Grand_Avenu.pdf;120880935.pdf
A_Historic_Compact_Betrayed.pdf;121512389.pdf
A_House_That_Isnt_There.pdf;123937504.pdf
A_Landmark_Decision.pdf;120254727.pdf
A_Landmark_Project_._._..pdf;122883751.pdf
A_Little_Zoning_Is_a_Good_Thin.pdf;123117421.pdf
A_Long_Weekend.pdf;123687752.pdf
A_Marriage_of_Flamboyance_and_.pdf;2015676611.pdf
A_Peach_Isnt_a_Peach_Isnt_a_.pdf;123177030.pdf
A_Philistine_Shrug_for_a_Droop.pdf;121056910.pdf
A_Place_for_People.pdf;120360506.pdf
A_Planner_Among_the_Planners.pdf;120989606.pdf
A_Public_Plaza_for_New_York.pdf;121195958.pdf
A_Roast_by_Any_Other_Name.pdf;123746258.pdf
A_Tax_Break_for_Cities.pdf;122826359.pdf
A_Zoning_Law_in_Need_of_Reform.pdf;120819439.pdf
ARCHITECT_URE_VIEW_ITS_STYLI.pdf;121486476.pdf
ARCHITECTURAL_VIEW_A_BUILDING.pdf;122824089.pdf
ARCHITECTURAL_VIEW_DESIGN_(GO.pdf;122962259.pdf
ARCHITECTURAL_VIEW_HELP_IS_ON.pdf;122942372.pdf
ARCHITECTURAL_VIEW_SPLENDOR_O.pdf;122554822.pdf
ARCHITECTURAL_VIEW_SUPERMUSEU.pdf;122927371.pdf
ARCHITECTURAL_VIEW_THE_MIRAC.pdf;122564651.pdf
Architecture_Bigger_--And_Ma.pdf;123342673.pdf
ARCHITECTURE_FOCUS_ON_THE_MUS.pdf;123911733.pdf
ARCHITECTURE_VIEW_A_LANDMARK.pdf;120943921.pdf
ARCHITECTURE_VIEW_ALL_NEW_V.pdf;123212306.pdf
ARCHITECTURE_VIEW_DEVELOPMEN.pdf;121322962.pdf
ARCHITECTURE_VIEW_EXQUISITE_.pdf;121530994.pdf
ARCHITECTURE_VIEW_LATE_ENTRI.pdf;122953655.pdf
ARCHITECTURE_VIEW_LES_REALIS.pdf;120780910.pdf
ARCHITECTURE_VIEW_ONE_OF_OUR.pdf;123538578.pdf
ARCHITECTURE_VIEW_A_GARDEN_O.pdf;121728419.pdf
ARCHITECTURE_VIEW_A_LANDMARK.pdf;123644863.pdf
ARCHITECTURE_VIEW_A_BUREAUCRA.pdf;121180170.pdf
ARCHITECTURE_VIEW_A_CONFERENC.pdf;121132634.pdf
ARCHITECTURE_VIEW_A_DELIGHTFU.pdf;120341548.pdf
ARCHITECTURE_VIEW_A_DRAMATIC_.pdf;123509195.pdf
ARCHITECTURE_VIEW_A_GRACEFUL_.pdf;123459293.pdf
ARCHITECTURE_VIEW_A_HOUSE_IN_.pdf;120892399.pdf
ARCHITECTURE_VIEW_A_MAJOR_CHI.pdf;121293805.pdf
ARCHITECTURE_VIEW_A_NEW_TWIST.pdf;122555818.pdf
ARCHITECTURE_VIEW_A_NEW_YORK_.pdf;120807391.pdf
ARCHITECTURE_VIEW_A_PLAN_TO_P.pdf;121752850.pdf
ARCHITECTURE_VIEW_A_PROMISING.pdf;120947786.pdf
ARCHITECTURE_VIEW_A_RADICAL_C.pdf;120768483.pdf
ARCHITECTURE_VIEW_A_RADICAL_N.pdf;120718352.pdf
ARCHITECTURE_VIEW_A_RECESSION.pdf;120210369.pdf
ARCHITECTURE_VIEW_A_SENSE_OF_.pdf;123449881.pdf
ARCHITECTURE_VIEW_A_SKYSCRAPE.pdf;122704664.pdf
ARCHITECTURE_VIEW_A_SPECTACUL.pdf;123293215.pdf
ARCHITECTURE_VIEW_A_STYLISH_N.pdf;123254955.pdf
ARCHITECTURE_VIEW_A_TASTEMAKE.pdf;123630060.pdf
ARCHITECTURE_VIEW_A_TEMPLE_OF.pdf;123467539.pdf
ARCHITECTURE_VIEW_A_TRIUMPHAN.pdf;123365285.pdf
ARCHITECTURE_VIEW_A_UNIFIED_N.pdf;120877319.pdf
ARCHITECTURE_VIEW_A_VISIONARY.pdf;120833829.pdf
ARCHITECTURE_VIEW_A_WRONGHEAD.pdf;123710972.pdf
ARCHITECTURE_VIEW_A._BIZARRE_.pdf;120536318.pdf
ARCHITECTURE_VIEW_ADA_LOUISE_ (1).pdf;120638452.pdf
ARCHITECTURE_VIEW_ADA_LOUISE_ (2).pdf;120258331.pdf
ARCHITECTURE_VIEW_ADA_LOUISE_ (3).pdf;120308052.pdf
ARCHITECTURE_VIEW_ADA_LOUISE_.pdf;123253316.pdf
ARCHITECTURE_VIEW_ALVAR_AALTO.pdf;120808914.pdf
ARCHITECTURE_VIEW_AN_ACROBATI.pdf;123320538.pdf
ARCHITECTURE_VIEW_AN_ARCHITEC.pdf;121085605.pdf
ARCHITECTURE_VIEW_AN_ARCHIVE_.pdf;121290998.pdf
ARCHITECTURE_VIEW_AN_ENLIGHTE.pdf;121146043.pdf
ARCHITECTURE_VIEW_AN_IMPERFEC.pdf;121216112.pdf
ARCHITECTURE_VIEW_AN_INCLUSIV.pdf;120858549.pdf
ARCHITECTURE_VIEW_AN_INGENIOU.pdf;121686215.pdf
ARCHITECTURE_VIEW_AN_UNDERGRO.pdf;123861251.pdf
ARCHITECTURE_VIEW_ANOTHER_CHA.pdf;120653892.pdf
ARCHITECTURE_VIEW_ARCHITECTUR (1).pdf;123082258.pdf
ARCHITECTURE_VIEW_ARCHITECTUR.pdf;123389408.pdf
ARCHITECTURE_VIEW_AS_EAST_62D.pdf;123566123.pdf
ARCHITECTURE_VIEW_ATLANTIC_CI (1).pdf;121117296.pdf
ARCHITECTURE_VIEW_ATLANTIC_CI.pdf;123589671.pdf
ARCHITECTURE_VIEW_AVERY_LIBRA.pdf;121393259.pdf
ARCHITECTURE_VIEW_AWARD_WINNE.pdf;123799282.pdf
ARCHITECTURE_VIEW_BOSTONS_MU.pdf;123963114.pdf
ARCHITECTURE_VIEW_BUDGET_CUTT.pdf;122678962.pdf
ARCHITECTURE_VIEW_CAN_NEW_YOR.pdf;122641878.pdf
ARCHITECTURE_VIEW_CHANGES_ON_.pdf;121576925.pdf
ARCHITECTURE_VIEW_CITIES_WITH.pdf;123628088.pdf
ARCHITECTURE_VIEW_CLARENCE_ST.pdf;123190825.pdf
ARCHITECTURE_VIEW_CLASSICAL_C.pdf;121695693.pdf
ARCHITECTURE_VIEW_CONTROVERSY.pdf;123226062.pdf
ARCHITECTURE_VIEW_DECORATIVE_.pdf;120688507.pdf
ARCHITECTURE_VIEW_DEEP_IN_THE.pdf;122744648.pdf
ARCHITECTURE_VIEW_DISCOVERING.pdf;123817077.pdf
ARCHITECTURE_VIEW_DRAWINGS_FR.pdf;122755775.pdf
ARCHITECTURE_VIEW_EXPLORING_M.pdf;121485964.pdf
ARCHITECTURE_VIEW_FEDERAL_BUI.pdf;122880540.pdf
ARCHITECTURE_VIEW_FOUR_CENTUR.pdf;121284143.pdf
ARCHITECTURE_VIEW_FROM_GENTEE.pdf;122633575.pdf
ARCHITECTURE_VIEW_GOOD_NEWS_A.pdf;123165180.pdf
ARCHITECTURE_VIEW_GOOD_NEWS_F.pdf;120664282.pdf
ARCHITECTURE_VIEW_GRAND_CENTR.pdf;123834011.pdf
ARCHITECTURE_VIEW_GREENFIELD.pdf;123092412.pdf
ARCHITECTURE_VIEW_GROOMSS_ZA.pdf;120249716.pdf
ARCHITECTURE_VIEW_GROWING_UP_.pdf;120272936.pdf
ARCHITECTURE_VIEW_HAS_MANSARD.pdf;123068701.pdf
ARCHITECTURE_VIEW_HOUSING_VS..pdf;121710506.pdf
ARCHITECTURE_VIEW_HOUSTONS_T.pdf;122830682.pdf
ARCHITECTURE_VIEW_HOW_GREAT_B.pdf;120551984.pdf
ARCHITECTURE_VIEW_IS_IT_CURTA.pdf;123782385.pdf
ARCHITECTURE_VIEW_IS_THIS_THE.pdf;123897331.pdf
ARCHITECTURE_VIEW_JOHN_HEJDUK.pdf;121190013.pdf
ARCHITECTURE_VIEW_JOHNSONS_L.pdf;123747228.pdf
ARCHITECTURE_VIEW_KEEPING_UP_.pdf;120540401.pdf
ARCHITECTURE_VIEW_LE_CORBUSIE.pdf;121574991.pdf
ARCHITECTURE_VIEW_LIBERTY_PAR.pdf;123933620.pdf
ARCHITECTURE_VIEW_MONEY--THE_.pdf;120613511.pdf
ARCHITECTURE_VIEW_MORE_BAD_NE.pdf;120495486.pdf
ARCHITECTURE_VIEW_MOVING_INTO.pdf;121774499.pdf
ARCHITECTURE_VIEW_MUTATIONS_I.pdf;120936047.pdf
ARCHITECTURE_VIEW_NEW_YORK_CA.pdf;120509852.pdf
ARCHITECTURE_VIEW_NEW_YORKS_.pdf;121299343.pdf
ARCHITECTURE_VIEW_OLD_MAGIC_A.pdf;123266234.pdf
ARCHITECTURE_VIEW_ON_THE_JAPA.pdf;120933746.pdf
ARCHITECTURE_VIEW_OUR_EXPEND.pdf;120200060.pdf
ARCHITECTURE_VIEW_PEIS_ELEGA.pdf;120707538.pdf
ARCHITECTURE_VIEW_PERSONAL_LA.pdf;123453293.pdf
ARCHITECTURE_VIEW_PHILIP_JOHN.pdf;120884519.pdf
ARCHITECTURE_VIEW_PHOTOGRAPHS.pdf;123755665.pdf
ARCHITECTURE_VIEW_PROVOCATIVE.pdf;123566673.pdf
ARCHITECTURE_VIEW_RECYCLING_A.pdf;120374976.pdf
ARCHITECTURE_VIEW_REDEVELOPIN.pdf;123871911.pdf
ARCHITECTURE_VIEW_REDISCOVERI.pdf;122996337.pdf
ARCHITECTURE_VIEW_REEXAMINING.pdf;121151927.pdf
ARCHITECTURE_VIEW_RESURRECTIN.pdf;121033762.pdf
ARCHITECTURE_VIEW_ROME_AND_AR.pdf;120805843.pdf
ARCHITECTURE_VIEW_SALVAGING_O.pdf;122549235.pdf
ARCHITECTURE_VIEW_SERLIO_INFL.pdf;120291359.pdf
ARCHITECTURE_VIEW_SHOWS_WITH_.pdf;121532418.pdf
ARCHITECTURE_VIEW_SIR_EDWIN_L.pdf;123595358.pdf
ARCHITECTURE_VIEW_SKYSCRAPERS.pdf;122798592.pdf
ARCHITECTURE_VIEW_SOME_GOOD_N.pdf;121770209.pdf
ARCHITECTURE_VIEW_SOMETHING_I.pdf;121352348.pdf
ARCHITECTURE_VIEW_SPRUCING_UP.pdf;120233465.pdf
ARCHITECTURE_VIEW_TAKING_THE_.pdf;122849927.pdf
ARCHITECTURE_VIEW_THE_PATHET.pdf;120974422.pdf
ARCHITECTURE_VIEW_THE_SIDE_S.pdf;120710687.pdf
ARCHITECTURE_VIEW_THE_AUSTERE.pdf;123967776.pdf
ARCHITECTURE_VIEW_THE_BEST_OF.pdf;123645757.pdf
ARCHITECTURE_VIEW_THE_MANY_FA.pdf;120921536.pdf
Art_and_Life_....pdf;122708702.pdf
ART_MAILBAG_I_STAND_BY_MY_AR.pdf;121551050.pdf
Art_Where_People_Are.pdf;121159558.pdf
Art_Money_and_Impotence_in_Ne.pdf;120051726.pdf
Artless_Plaza.pdf;120654867.pdf
Back_to_Scatter-Site.pdf;120459645.pdf
Battle_of_the_Burger.pdf;120470741.pdf
Bear_Market.pdf;121528685.pdf
Behold_a_Battery_Park.pdf;121656583.pdf
Believe_It_Or_Not_Highways_Do.pdf;119997029.pdf
Bonanza_for_the_Blockbusters.pdf;123574699.pdf
Born-Again_Porn_and_Antiquity.pdf;123857005.pdf
Build_the_Convention_Center.pdf;123311982.pdf
Builder_With_Vision.pdf;120605928.pdf
Building_Corruption.pdf;120225578.pdf
Bus_Map_Verities.pdf;121171303.pdf
Call_of_the_Wild.pdf;119999925.pdf
Capital_Construction.pdf;120332014.pdf
Capitol_Blunder.pdf;120539001.pdf
Capitol_Plan.pdf;122969048.pdf
Central_Park_on_Thin_Ice.pdf;120514989.pdf
Chairs_Not_Meant_for_Sitting_.pdf;119956412.pdf
City_vs._Suburbs.pdf;120192463.pdf
Closing_Christos_Gates.pdf;121875838.pdf
Clubbing_Some_New_York_City_Cl.pdf;123395448.pdf
Coming_to_the_Music_Halls_Res.pdf;120959969.pdf
Convening_on_34th_Street.pdf;123726208.pdf
Convention_Center (1).pdf;122984241.pdf
Convention_Center.pdf;122692743.pdf
Corrupt_Construction.pdf;122687001.pdf
Creeping_Sloth.pdf;120782702.pdf
Criminal_Construction.pdf;120254003.pdf
Cultural_Center.pdf;122978957.pdf
Culture_in_New_York_....pdf;120690767.pdf
Curbing_Highwaymen.pdf;120644586.pdf
Deglaciating_the_Feds.pdf;120247356.pdf
Design_Notebook (1).pdf;120691259.pdf
Design_Notebook_Gritty_Citie.pdf;120747683.pdf
Design_Notebook_A_chiaroscuro.pdf;121200032.pdf
Design_Notebook_A_mansion_tha.pdf;123876717.pdf
Design_Notebook_A_rich_collec.pdf;121038570.pdf
Design_Notebook_Ada_Louise_Hu.pdf;123257944.pdf
Design_Notebook_Advertising_a.pdf;120963944.pdf
Design_Notebook_All_three_art.pdf;123811991.pdf
Design_Notebook_At_the_resort.pdf;121323352.pdf
Design_Notebook_Behind_Dublin.pdf;123559922.pdf
Design_Notebook_Exhibit_captu.pdf;123375921.pdf
Design_Notebook_Kilkenny_Desi.pdf;123617482.pdf
Design_Notebook.pdf;120831371.pdf
Design_Notebook_Street_scener.pdf;121283068.pdf
Design_Notebook_The_art_of_di.pdf;121116301.pdf
Devoutly_Wrong_on_St._Bartholo.pdf;121081495.pdf
Dismembering_Liberty_Park.pdf;121628509.pdf
Dodge_Site.pdf;122810382.pdf
Dont_Destroy_Restore!.pdf;120345823.pdf
False_Front.pdf;120372657.pdf
Fantusmagoria.pdf;122956549.pdf
Farewell_to_Bonwits.pdf;120983147.pdf
Farewell_Covent_Garden.pdf;119994748.pdf
Fire_Drill.pdf;120521326.pdf
Fraunces_Taverns_Crumbling_Bl.pdf;121200635.pdf
Gateway_to_Tomorrow.pdf;120359971.pdf
Good_Start_for_a_Convention_Ce.pdf;120927154.pdf
Grace_Note.pdf;120351805.pdf
Grand_Central_Is_More_Than_a_B.pdf;123624940.pdf
Green_Light_on_Tudor_Parks.pdf;121867758.pdf
Grim_Housing_Outlook.pdf;119944293.pdf
Habitat (1).pdf;122971537.pdf
Habitat.pdf;122956310.pdf
Halfway_Home_for_the_Humanitie.pdf;121655138.pdf
Heart_of_the_City.pdf;120238788.pdf
Heat_and_Light_at_the_Whitney.pdf;121292343.pdf
Hold_That_Sunset_at_Radio_City.pdf;123852695.pdf
Hope_for_Harlem.pdf;119973495.pdf
Hope_for_Housing.pdf;122692124.pdf
Housing_Quality.pdf;120418133.pdf
How_Not_to_Plan_a_City.pdf;121315443.pdf
Hurray_for_Cape_May!.pdf;123348006.pdf
Huxtable_Was_Here.pdf;121614131.pdf
In_Luxury_Sinking.pdf;123224097.pdf
Inching_Ahead_to_a_Convention_.pdf;123260897.pdf
Investing_in_the_Future.pdf;122820863.pdf
Landmarks_Are_in_Trouble_With_.pdf;120181045.pdf
Landmarks_in_Retreat.pdf;120518137.pdf
Last_Chance_for_Battery_Park_C.pdf;123924260.pdf
Lets_Leave_John_Browns_Body_.pdf;123632563.pdf
Light_on_Life_and_Love.pdf;121749267.pdf
Lincoln_Blockbuster.pdf;120129185.pdf
Living_the_Loft_Life.pdf;121065459.pdf
Machinery_for_Appeal.pdf;120702642.pdf
Making_Plans_Without_a_Planner.pdf;120699777.pdf
Manna_for_Westway.pdf;123340162.pdf
Melted_Popsicle.pdf;120667056.pdf
Modern_Master.pdf;122642572.pdf
Mr._Davis_Defends_His_Turf.pdf;123728469.pdf
Mr._Dursts_Cleanup.pdf;122828646.pdf
Mr._Koch_Views_the_Arts.pdf;123426709.pdf
Natural_Riverdale.pdf;120488659.pdf
New_Life_for_the_Immortal_News.pdf;123932200.pdf
New_Tool_for_Two-Family_Homes.pdf;123407933.pdf
New_Towns_Future.pdf;122776062.pdf
New_York_Magic.pdf;120158024.pdf
New_York_Style.pdf;122945342.pdf
New_Yorks_Next_Crystal_Palace.pdf;123891388.pdf
Newer_Landmarks.pdf;122616185.pdf
Nibbling_Away_at_the_Upper_Eas.pdf;123056941.pdf
No_Curfew_on_Planning.pdf;123031724.pdf
Now_the_Music_Hall_Drama_Begin.pdf;123777994.pdf
Oklahoma_Crude.pdf;120022894.pdf
On_the_Waterfront.pdf;120968846.pdf
Once_in_a_Lifetime.pdf;120753430.pdf
Once_There_Was_a_Palace_On_42d.pdf;119959166.pdf
One_Day_of_Security.pdf;123915757.pdf
One_Look_at_Charlottesville_Is.pdf;120485124.pdf
One_More_Pirouette_Please.pdf;123282254.pdf
Opening_City_Space.pdf;123042334.pdf
Park_Travesty.pdf;122667801.pdf
Parks_Are_for_People_Not_Pape.pdf;123502076.pdf
Paying_the_Cultural_Rent.pdf;121135017.pdf
Planning_a_Better_Manhattan_F.pdf;121056528.pdf
Planning_by_Compromise.pdf;120384286.pdf
Poetic_Visions_Of_Design_For_t.pdf;120619549.pdf
Port_of_Entry.pdf;122613634.pdf
Preservation_Is_Never_Done.pdf;121389885.pdf
Preserved_Treasure.pdf;120654794.pdf
Presidential_Library.pdf;120556114.pdf
Public_Patrimony.pdf;122857539.pdf
Recycled_Tweed.pdf;120011679.pdf
Red_Elephant_and_the_15%_Solut.pdf;123123731.pdf
Remembering_Vietnam.pdf;121843689.pdf
Restoring_Central_Park.pdf;119975966.pdf
Revitalizing_the_City.pdf;122753831.pdf
Reviving_the_Urban_Park.pdf;122578328.pdf
Rich_in_Art_Poor_in_Thanks.pdf;123497275.pdf
Riding_the_Westway_Roller_Coas.pdf;123332046.pdf
Rights_of_Women.pdf;120221054.pdf
Saving_a_Terminal_Case.pdf;123643250.pdf
Seize_the_Time_for_Times_Squar.pdf;121832471.pdf
Self-Destruct_Cities.pdf;120161977.pdf
Selling_a_Vintage_Building.pdf;120943775.pdf
Selling_New_York_Short.pdf;120234097.pdf
Selling_the_Seaport.pdf;121546390.pdf
Sensitive_City_Zoning.pdf;119977895.pdf
Shrunken_Dream.pdf;120409767.pdf
Signs_of_Spring_for_the_Parks.pdf;121166856.pdf
Skeletons_Spiders_and_Mortali.pdf;123355588.pdf
Skyscraper_Art_Rides_High_ARC.pdf;119994267.pdf
Smothering_a_Fire_Code.pdf;120453281.pdf
Snug_Harbor.pdf;122937870.pdf
Spanning_the_Bridge_Color_Gap.pdf;120923993.pdf
Spreading_Smog_Over_Westway.pdf;123093132.pdf
Spring_Comes_to_Central_Park.pdf;120954417.pdf
Starting_Over_in_Times_Square.pdf;121242698.pdf
STATE_OF_THE_ARTS_ARCHITECTUR.pdf;121594626.pdf
State_of_the_Arts.pdf;123015062.pdf
State_of_the_City_A_Fit_Place.pdf;120419503.pdf
State_of_the_City_Challenge_a.pdf;120389322.pdf
State_of_the_City_Delivering_.pdf;120405542.pdf
State_of_the_City_Fiscal_Shoc.pdf;120415858.pdf
State_of_the_City_Housing_and.pdf;120412446.pdf
State_of_the_City_Industry_an.pdf;120410534.pdf
State_of_the_City_Parnassus_.pdf;120397584.pdf
State_of_the_City_Planning_th.pdf;120410443.pdf
State_of_the_City_The_Arterie.pdf;120421183.pdf
State_of_the_City_The_Roots_o.pdf;120411217.pdf
State_of_the_City_Welfare_and.pdf;120410504.pdf
Staten_Island_Plan.pdf;120385454.pdf
Stop_Funding_Artistic_Circuses.pdf;121321140.pdf
Surviving_DowntownProgress_.pdf;119910168.pdf
Tale_of_Two_Buildings.pdf;122754144.pdf
That_Dream_Taxi.pdf;122898837.pdf
The_Best_Subway_Map_in_Years.pdf;120810175.pdf
The_Editorial_Notebook_Percen.pdf;121698749.pdf
The_Editorial_Notebook_A_Squi.pdf;123956928.pdf
The_Editorial_Notebook_America.pdf;123802982.pdf
The_Editorial_Notebook_Art_fo.pdf;123505564.pdf
The_Editorial_Notebook_Fame_I.pdf;123339963.pdf
The_Editorial_Notebook_Office_.pdf;123195806.pdf
The_Editorial_Notebook_Potted_.pdf;123838790.pdf
The_Editorial_Notebook_Selling.pdf;121017823.pdf
The_Editorial_Notebook_Structu.pdf;121143564.pdf
The_Editors_Notebook_Alms_fo.pdf;123473733.pdf
The_Twenties_Created_the_Class.pdf;123909540.pdf
Topics_Abroad_Aground_and_Ab.pdf;123227569.pdf
Topics_Arrivals_and_Departures.pdf;123728885.pdf
Topics_Ars_Longa_Carter_Brev.pdf;123714147.pdf
Topics_Costumes_and_Curtain_Ca.pdf;123550361.pdf
Topics_Crafty_Arts_The_Nixon_.pdf;120989513.pdf
Topics_Crumbling_Patrimony_Mr.pdf;121319857.pdf
Topics_Directions_New_and_Old.pdf;121791839.pdf
Topics_Discomania_The_Platter.pdf;123913886.pdf
Topics_Doing_Without_Helter_S.pdf;120946522.pdf
Topics_Dreams_Plans_and_Real.pdf;123120834.pdf
Topics_Elegant_Dirt_Park_Aven.pdf;121079717.pdf
Topics_Gift-Wrapped_Houses_Ri.pdf;120867728.pdf
Topics_Gold_Rushes_Testing_St.pdf;121069439.pdf
Topics_Good_Lessons_Music_to_.pdf;123270101.pdf
Topics_Good_Use_of_Bad_Times.pdf;123155925.pdf
Topics_Good_Work_Alarms_and_E.pdf;120803957.pdf
Topics_Have_It_Their_Way_Mari.pdf;123762483.pdf
Topics_Helpful_Conrail_and_Oth.pdf;121114800.pdf
Topics_Hounds_of_Spring_Scrap.pdf;121278734.pdf
Topics_Kids_and_Clocks_City_V.pdf;121086380.pdf
Topics_Leaving_Marks_Monument.pdf;121193769.pdf
Topics_Master_Planning_Contai.pdf;121623158.pdf
Topics_Mies_to_Kissinger_to_T.pdf;123477946.pdf
Topics_Natural_Law_Dams_of_Fo.pdf;120906962.pdf
Topics_Old_Treasure_Manors_Re.pdf;123951328.pdf
Topics_On_Police_a_Palace_an.pdf;123146233.pdf
Topics_Out_of_Uniform_Royal_t.pdf;121454918.pdf
Topics_Passages_An_Extra_Mome.pdf;121575445.pdf
Topics_Passports_Eggplants_a.pdf;123449726.pdf
Topics_Perspectives_Generatio.pdf;120829220.pdf
Topics_Pictorial_License_The_.pdf;120800919.pdf
Topics_Price_Nostalgia_The_Co.pdf;123602224.pdf
Topics_Puritans_Washingtons_.pdf;121055719.pdf
Topics_Re-Orientation_Newspea.pdf;123571606.pdf
Topics_Righting_Wrongs_Demoli.pdf;121732672.pdf
Topics_Senseless_Cuts_Murder_.pdf;121208278.pdf
Topics_Smoldering_Black_Rubber.pdf;123951836.pdf
Topics_Space_Time_and_Archite.pdf;121614838.pdf
Topics_Spring_Rites_and_Revol.pdf;123245152.pdf
Topics_Sprucing_Up_Oh_Egypt!.pdf;123557883.pdf
Topics_Symbols_Aged_and_Alte.pdf;123125930.pdf
Topics_Tales_of_Hounds_and_Fis.pdf;120789453.pdf
Topics_Testing_Tastes_The_Pam.pdf;123904404.pdf
110306525.pdf;110306525.pdf
110803877.pdf;110803877.pdf
110815496.pdf;110815496.pdf
114872163.pdf;114872163.pdf
115714399.pdf;115714399.pdf
115753835.pdf;115753835.pdf
119274701.pdf;119274701.pdf
119411765.pdf;119411765.pdf
119965958.pdf;119965958.pdf
119971634.pdf;119971634.pdf
120135683.pdf;120135683.pdf
120389714.pdf;120389714.pdf
120457118.pdf;120457118.pdf
120459725.pdf;120459725.pdf
120654084.pdf;120654084.pdf
120677900.pdf;120677900.pdf
120811436.pdf;120811436.pdf
120865593.pdf;120865593.pdf
121474770.pdf;121474770.pdf
121478349.pdf;121478349.pdf
121479200.pdf;121479200.pdf
121493138.pdf;121493138.pdf
121504838.pdf;121504838.pdf
121796874.pdf;121796874.pdf
121799334.pdf;121799334.pdf
121805517.pdf;121805517.pdf
121807837.pdf;121807837.pdf
121879970.pdf;121879970.pdf
122747228.pdf;122747228.pdf
122764572.pdf;122764572.pdf
123111285.pdf;123111285.pdf
123181265.pdf;123111285.pdf
123340289.pdf;123340289.pdf
123348006.pdf;123348006.pdf
123533528.pdf;123533528.pdf
123539184.pdf;123539184.pdf
123666422.pdf;123666422.pdf
123752596.pdf;123752596.pdf
ARCHITECTURAL_VIEW_WHY_YOU_AL.pdf;122908185.pdf
ARCHITECTURE_VIEW_UPDATE_ON_T.pdf;120897627.pdf
ARCHITECTURE_VIEW_WHATS_BEST.pdf;120586838.pdf
ARCHITECTURE_VIEW_WHEN_AMERIC.pdf;121552178.pdf
ARCHITECTURE_VIEW_WHY_DID_WE_.pdf;120237275.pdf
Reviving_Central_Park.pdf;119755607.pdf
The_Ghost_of_U.D.C..pdf;120420735.pdf
Topics_Uniformities_Minority_.pdf;120903808.pdf
Untapped_Revenues.pdf;123005208.pdf
Ups_and_Downs_With_the_Arts.pdf;123222579.pdf
Urban_Homesteading.pdf;120378107.pdf
Vale_to_Villard.pdf;120627563.pdf
Vanderbilt_and_Tweed.pdf;120455651.pdf
Villard_Houses_....pdf;122809215.pdf
Washingtons_Willard.pdf;120134697.pdf
Wasted_Homage.pdf;120483395.pdf
Wasting_Money_on_Teakettle_Oil.pdf;123539184.pdf
Welcome_to_Exotic_New_York.pdf;123281883.pdf
West_Side_Highway.pdf;120193823.pdf
Westway_or_What.pdf;121188554.pdf
Westway_Still_the_Best_Way.pdf;121746097.pdf
When_City_Revival_Drives_Out_t.pdf;123335694.pdf
When_Does_a_Mall_Pall.pdf;123093124.pdf
When_Things_Get_This_Bad_You_H.pdf;123145893.pdf
Which_Way_Is_Up.pdf;120237275.pdf
Zero_for_Central_Park.pdf;120510428.pdf
Zoning_a_Better_Midtown.pdf;121698390.pdf
Zoning_Adult_Movies.pdf;122919649.pdf